,lugares,labels,Quotes,order,Position,LAT_google,LON_google,cluster_label
10,Vatican City,GPE,"To my dear friend Irv Sittler, for facilitating my audience with the Pope, secreting me into parts of Vatican City few ever see, and making my time in Rome unforgettable",10,10,41.902916,12.453389,0
11,Rome,GPE,"To my dear friend Irv Sittler, for facilitating my audience with the Pope, secreting me into parts of Vatican City few ever see, and making my time in Rome unforgettable",11,11,41.902783500000005,12.4963655,0
12,Rome,GPE,"Nadeau, NuvoMedia andRocket E-books, Frank and Sylvia Kennedy, Rome Board of Tourism, Maestro GregoryBrown, Val Brown, Werner Brandes, Paul Krupin at Direct Contact, Paul Stark, Tom King at Computalk Network, Sandy and Jerry Nolan, Web guru Linda George, the National Academy of Art in Rome, physicist and fellow scribe Steve Howe, Robert Weston, the Water Street Bookstore in Exeter, New Hampshire, and the Vatican Observatory",12,11,41.902783500000005,12.4963655,0
19,Rome,GPE,"One question looms: Will this highly volatile substance save the world, or will it be used o 
to create the m st deadly weapon ever made?
AUTHOR’S NOTE
R eferences to all works of art, tombs, tunnels, and architecture in Rome are entirely factual (as are their exact locations)",19,11,41.902783500000005,12.4963655,0
57,Rome,GPE,"But in the 1500s, a group of men in Rome fought back against the church",57,11,41.902783500000005,12.4963655,0
58,Italy,GPE,"Some of Italy’s most enlightened men-physicists, ma 
e 
thematicians, astronom rs-began meeting
secretly to share their concerns about the church’s inaccurate teachings",58,58,41.87194,12.56738,0
61,Rome,GPE,The scientists met regularly in Rome at an ultrasecret lair they called the Church of Illumination ,61,11,41.902783500000005,12.4963655,0
64,Rome,GPE," 
“Then the scientists were brutally murdered, their dead bodies dropped in the streets of Rome as a warning to others thinking of joining the Illuminati",64,11,41.902783500000005,12.4963655,0
65,Italy,GPE,"With the church closing in, the remaining Illuminati fled Italy",65,58,41.87194,12.56738,0
67,Vatican,FAC,The Vatican denounced the brotherhood as Shaitan ,67,67,41.902916,12.453389,0
68,Rome,GPE," 
re survivors,” he explained 
“When they fled Rome, they traveled across Europe looking for a safe place to regroup",68,11,41.902783500000005,12.4963655,0
110,Rome,GPE,“Rome,110,11,41.902783500000005,12.4963655,0
111,Rome,GPE,".”
“Rome?” Vittoria demanded",111,11,41.902783500000005,12.4963655,0
112,Rome,GPE,"“The antimatter is in Rome? Who called?”
Kohler’s face was twisted, his gray eyes watering",112,11,41.902783500000005,12.4963655,0
113,Rome,GPE," 
“Rome? But ",113,11,41.902783500000005,12.4963655,0
114,Vatican City,GPE,“The sworn sentinels of Vatican City,114,10,41.902916,12.453389,0
116,Rome,GPE,".”31 
T he X-33 space plane roared into the sky and arched south toward Rome",116,11,41.902783500000005,12.4963655,0
117,Vatican,FAC,"Now that he had finished briefing Vittoria on the Illuminati and their covenant against the Vatican, the scope of itua 
this s 
tion was starting to sink in",117,67,41.902916,12.453389,0
119,Vatican City,GPE,"Although Langdon was ashamed to admit it, his initial horror on hearing about the antimatter’s location was not only the danger to human life in Vatican City, but for something else as well",119,10,41.902916,12.453389,0
127,Rome,GPE,".”32
L angdon held his breath as the X-33 spiraled into Rome’s Leonardo da Vinci International Airport",127,11,41.902783500000005,12.4963655,0
128,da Vinci International Airport,FAC,".”32
L angdon held his breath as the X-33 spiraled into Rome’s Leonardo da Vinci International Airport",128,128,41.799886799999996,12.246238400000001,0
130,Vatican,FAC,"After a morning of space plane rides, Langdon had hoped the Vatican would send a car",130,67,41.902916,12.453389,0
131,Vatican,FAC,"It was the trad 
al s 
ition 
eal of the Vatican-the sacred symbol of the Holy Seeor “holy seat” of government, the seatbeing literally the ancient throne of St",131,67,41.902916,12.453389,0
133,Vatican,FAC,"He’d forgotten the Vatican owned one of these things, used for transporting the Pope to the airport, to meetings, or to his summer palace in Gandolfo",133,67,41.902916,12.453389,0
136,Vatican City,GPE,“Short pants are not permitted inside Vatican City,136,10,41.902916,12.453389,0
137,Vatican City,GPE,"Vatican City
had a strict ban on visible legs above the knee-both male and female",137,10,41.902916,12.453389,0
140,Rome,GPE," 
Langdon knew that with Rome’s maniacal drivers, flying was probably safer anyway",140,11,41.902783500000005,12.4963655,0
141,Rome,GPE,"Then with a roar, the craft shot up and banked sharply north toward Rome",141,11,41.902783500000005,12.4963655,0
142,Rome,GPE, Rome,142,11,41.902783500000005,12.4963655,0
144,Vatican,FAC," 
The Vatican chopper stayed low in the sky as it sliced northwest through the permanent smog layer coughed up by the congestion below",144,67,41.902916,12.453389,0
145,the Roman Coliseum,FAC,His eyes found the crumbling ruins of the Roman Coliseum,145,145,41.8902102,12.492230900000001,0
147,Rome,GPE," 
As the chopper headed north, Langdon spied the Roman Forum-the heart of pre-Christian Rome",147,11,41.902783500000005,12.4963655,0
148,Tiber River,LOC,"To the west the wide basin of the Tiber River wound enormo 
ven
us arcs across the city",148,148,42.2955402,12.4894408,0
149,St. Peter’s Basilica,GPE,"Like a mountain parting the morning fog, the colossal dome rose out of the haze before them: St",149,149,41.9021667,12.4539367,0
151,Vatican City,GPE,"over one hundred times the population of Vatican City, the smallest country in the world",151,10,41.902916,12.453389,0
153,Rome,GPE,"Peter’s Square was a staggering open space in the congestion of Rome, like a classical Central Park",153,11,41.902783500000005,12.4963655,0
155,Vatican City,GPE," 
“Vatican City,” the pilot said, sounding anything but welcoming",155,10,41.902916,12.453389,0
156,St. Peter’s Square,GPE,"She motioned frantically
downward toward St",156,156,41.9022225,12.456728300000002,0
157,Vatican,FAC,"But now, in keeping with the sacred tradition, fifteen days after the death of a Pope, the Vatican was holding Il Conclavo -the sacred ceremony in which the 165 cardinals of the world-the most powerful men in Christendom athered in 
-g Vatican City to elect the new Pope",157,67,41.902916,12.453389,0
158,Vatican City,GPE,"But now, in keeping with the sacred tradition, fifteen days after the death of a Pope, the Vatican was holding Il Conclavo -the sacred ceremony in which the 165 cardinals of the world-the most powerful men in Christendom athered in 
-g Vatican City to elect the new Pope",158,10,41.902916,12.453389,0
159,Vatican City,GPE," 
d of Vatican City spread out beneath him The entire power structure of the Roman Catholic Church is sitting on a time bomb ",159,10,41.902916,12.453389,0
165,Vatican City,GPE,"Mortati knewfrom 
that all the exits to Vatican City were
guarded, and the missing cardinals could not have gone far, but still, with less than an hour before opening prayer, he was feeling disconcerted",165,10,41.902916,12.453389,0
168,Vatican,FAC," 35
T he Vatican’s helipad, for reasons of safety and noise control, is located in the northwest tip of Vatican City, as far from St",168,67,41.902916,12.453389,0
169,Vatican City,GPE," 35
T he Vatican’s helipad, for reasons of safety and noise control, is located in the northwest tip of Vatican City, as far from St",169,10,41.902916,12.453389,0
170,St. Peter’s Basilica,GPE," 35
T he Vatican’s helipad, for reasons of safety and noise control, is located in the northwest tip of Vatican City, as far from St",170,149,41.9021667,12.4539367,0
171,Vatican,GPE,"The heart of Vatican Cit f
y",171,67,41.902916,12.453389,0
174,Governatorato,GPE,"The severe-looking Governatorato build d
ing was now behin 
them, housing Vatican City’s administration",174,174,41.9022141,12.451155900000002,0
175,Vatican City’s,GPE,"The severe-looking Governatorato build d
ing was now behin 
them, housing Vatican City’s administration",175,175,41.902916,12.453389,0
176,the Vatican Museum,FAC,"And up ahead on the left, the massive rectangular edifice of the Vatican Museum",176,176,41.906487799999994,12.4536413,0
179,St. Peter’s Basilica,GPE," 
After parking the cart on the wide lawn directly behind St",179,149,41.9021667,12.4539367,0
182,Via Belvedere,FAC,"Crossing the plaza, they approached the rear wall of the basilica and followed it through a triangular courtyard, across Via Belvedere, and into a series of buildings closely huddled together",182,182,40.8420098,14.2228664,0
183,St. Peter’s Basilica,GPE," 
The Office of the Swiss Guard is housed adjacent to Il Corpo di Vigilanza, directly northeast of St",183,149,41.9021667,12.4539367,0
184,Vatican,FAC,"Although they also wore the blue and gold uniform, each wielded the traditional “Vatican long sword”-an eight-foot spear with a razor-sharp scythe-rumored to have decapitated countless Muslims while defending the Christian crusaders in the fifteenth century",184,67,41.902916,12.453389,0
185,Vatican,FAC,"In 1857, Pope Pius IX
decided that the accurate representation of the male form might incite lust inside the Vatican",185,67,41.902916,12.453389,0
186,Vatican City,GPE,So he got a chisel and mallet and hacked off the genitalia of every single male statue inside Vatican City,186,10,41.902916,12.453389,0
187,Vatican,FAC,"and yet the room 
bookshelves, oriental carpets, and colorful tape bristled with
high-tech gear-banks of computers, faxes, electronic maps of the Vatican complex, and televisions tuned to CNN",187,67,41.902916,12.453389,0
188,Vatican City,GPE,“This image is from a remote camera hidden somewhere inside Vatican City,188,10,41.902916,12.453389,0
189,Vatican City,GPE,We need to locate it immediately or evacuate Vatican City,189,10,41.902916,12.453389,0
190,Vatican City,GPE,"“Despite the archaic appearance of Vatican City, every single ippe 
entrance, both public and private, is equ 
d with the most advanced sensing equipment
known to man",190,10,41.902916,12.453389,0
192,Vatican,FAC,"“Signorina, the Vatican is the target of dozens of bomb threats a month",192,67,41.902916,12.453389,0
193,Vatican,FAC,"“Might I ask exactly whoyou are? What is your position at CERN?”
“I am a senior member of the research staff and appointed liaison to the Vatican for this crisis",193,67,41.902916,12.453389,0
194,Vatican City,GPE,".”
“Excuse me for being rude, but if this is indeed a crisis, why am I dealing with youand not your director? And what disrespect do youintend by coming into Vatican City in short pants?”
Langdon groaned",194,10,41.902916,12.453389,0
195,Vatican,FAC,"Then again, he realized, if stone penises could induce lustful thoughts in Vatican residents, Vittoria Vetra in shorts could certainlybe a threat to national security",195,67,41.902916,12.453389,0
198,Vatican City,GPE,"“I have a woman in shorts telling me that a droplet of liquid is going to blow up Vatican City, and I have an American professor telling me we are being targeted by some antireligious cult",198,10,41.902916,12.453389,0
199,Vatican City,GPE,Vatican City is enormous,199,10,41.902916,12.453389,0
200,Vatican City,GPE,"“Until these numbers count down? Until Vatican City disappears? Believe me, I do not take kindly to people tampering with my security system",200,10,41.902916,12.453389,0
201,Vatican City,GPE,"“I am having a difficult time accepting that the Illuminati are still active, and yet the appearance of this brand combined with the fact that the Illuminati have a well-known covenant against Vatican City has changed my mind",201,10,41.902916,12.453389,0
202,Vatican,FAC,"Vetra has not informed you, but CERN scientists have been criticizing Vatican policies for decades",202,67,41.902916,12.453389,0
203,Vatican,FAC,"W 
io
hat scenar 
seems more likely to you-that a four-hundred-year-old satanican
cult has resurfaced with 
advanced weapon of mass destruction, or that some prankster at CERN is trying to disrupt a sacred Vatican event with a well-executed fraud?”
“That photo,” Vittoria said, her voice like bo Murdered 
iling lava, “is of my father",203,67,41.902916,12.453389,0
204,Vatican City,GPE,"With the exception of the Swiss Guard, the only ones present in Vatican City at this time are the College of Cardinals",204,10,41.902916,12.453389,0
206,Vatican,FAC,He recalled reading once about the curious arrangement of Vatican authority following the death of a Pope,206,67,41.902916,12.453389,0
207,Vatican,FAC,"Langdon, it is true that Vatican rule dictates the camerlegno assume chief executive office during conclave, but it is only because his lack of eligibility for the papacy ensures an unbiased election",207,67,41.902916,12.453389,0
208,Vatican,FAC,"Som one at the
Vatican needed to take her seriously",208,67,41.902916,12.453389,0
209,Vatican Prison,FAC,".”
’s a pretty big 
“What’s he going to do, shoot me for using the phone?”
“Who the hell knows! This is a pretty strange place, and the wa going-”
y things are 
“Either that,” Vittoria said, “or we can spend the next five hours and forty-eight minutes in Vatican Prison",209,209,41.8932529,12.484504,0
212,Vatican,FAC," 38
T he Vatican switchboard is located in the Ufficio di Communicazione behind the Vatican post office",212,67,41.902916,12.453389,0
213,Vatican City,GPE,He felt proud to be one of only a handful of employees still allowed inside Vatican City tonight,213,10,41.902916,12.453389,0
214,Vatican,FAC,World interest in Vatican events seemed to have dwindled in the last few years,214,67,41.902916,12.453389,0
216,Vatican City,GPE,"A woman inside Vatican City? Tonight?
The woma and furiously",216,10,41.902916,12.453389,0
218,Vatican City,GPE,".”39
T he Apostolic Palace is a conglomeration of buildings located near the Sistine Chapel in the northeast corner of Vatican City",218,10,41.902916,12.453389,0
219,St. Peter’s Square,GPE,"With a commanding
view of St",219,156,41.9022225,12.456728300000002,0
220,the Papal Apartments,FAC,"Peter’s Square,
the palace houses both the Papal Apartments and the Office of the Pope",220,220,41.9035313,12.4561705,0
222,Vatican,FAC," 
The camerlegno was nothing like the images of frail, beatific old men Langdon usually imagined roaming the Vatican",222,67,41.902916,12.453389,0
223,Vatican,GPE,"He looked to be in his late-thirties, indeed a child by Vatican standards",223,67,41.902916,12.453389,0
224,Vatican,FAC,"“W 
ator calls
hen the Vatican oper 
me a half hour before I begin conclave to
tell me a woman is calling from yourprivate office to warn me of some sort of major security threat of which I have not been informed, thatconcerns me",224,67,41.902916,12.453389,0
225,Vatican City,GPE,“The destruction of Vatican City,225,10,41.902916,12.453389,0
227,Vatican City,GPE,"“Are you certain it is
inside Vatican City?” the camerlegno asked",227,10,41.902916,12.453389,0
229,Vatican City,GPE,"“That droplet is enough to level Vatican City! Did you even listen to a word I told you?”
“Ma’am,” Olivetti said, his voice like steel, “my experience with explosives is extensive",229,10,41.902916,12.453389,0
230,Vatican City,GPE,"“Dangerous or not, Illuminati or no Illuminati, whatever this thing is, it most certainly should not be inside Vatican City ",230,10,41.902916,12.453389,0
231,Vatican City,GPE,"“Signore, if you are suggesting we make a naked-eye search of the entirety of Vatican City then I must object",231,10,41.902916,12.453389,0
232,Rome,GPE,"The IF signature suggests he’s somewhere in Rome 
, but there’s really no way to 
trace him",232,11,41.902783500000005,12.4963655,0
233,Vatican,FAC,The abolition of the Vatican is nonnegotiable,233,67,41.902916,12.453389,0
234,Vatican,FAC,"Do you really believe the Vatican is immune?”Jesus, Langdon thought, they’ve got someone on the inside ",234,67,41.902916,12.453389,0
237,Vatican City,GPE,"Every one of them checked into the residence hall this m 
fely inside
orning, so we know they are sa 
Vatican City",237,10,41.902916,12.453389,0
241,Italy,GPE,“And from Italy ,241,58,41.87194,12.56738,0
242,Vatican,FAC,"The church had made some deadly enem 
plar, arm 
ies through the years-the Hassassin, the Knights Tem 
ies that had been
either hunted by the Vatican or betrayed by them",242,67,41.902916,12.453389,0
244,Rome,GPE,"What else do I know? That this whole situation is insanity, that’s what I know! “After the brandings, the scientists were murdered, and their bodies were dropped in public locations around Rome as a warning to other scientists not to join the Illuminati",244,11,41.902783500000005,12.4963655,0
245,Rome,GPE,Have you not counted lately? There are over four hundred Catholic churches in Rome,245,11,41.902783500000005,12.4963655,0
246,Vatican City,GPE,The Catholic Church will continue with or without Vatican City,246,10,41.902916,12.453389,0
247,Vatican City,GPE,"Tell me, why is Vatican City a walled citadel?”
“Men of God live in a dangerous world,” the camerlegno said",247,10,41.902916,12.453389,0
248,Vatican,FAC," 
“How young areyou? The Vatican is a fortress because the Catholic Church holds ha 
lf of 
its equity insideits walls-rare paintings, sculpture, devalued jewels, priceless books ",248,67,41.902916,12.453389,0
249,Vatican Bank,GPE,then there is the gold bullion and the real estate deeds inside the Vatican Bank vaults,249,249,41.9038641,12.456778100000001,0
250,Vatican,GPE,"Inside estimates put the raw value of Vaticandolla 
City at 48",250,67,41.902916,12.453389,0
265,St. Peter’s Square,GPE," 43
L angdon stood m nless at the Pope’s bulle 
otio 
tproof window and gazed down at the
bustle of media trailers in St",265,156,41.9022225,12.456728300000002,0
266,Rome,GPE,".”
“You suggest we cancel conclave right now?”
“Do I have a choice?”
“What about your charge to bring a new Pope?”
The young chamberlain sighed and turned to the window, his eyes drifting out onto the sprawl of Rome 
ld m below",266,11,41.902783500000005,12.4963655,0
268,Rome,GPE,“Marching one hundred sixty-five cardinals unprepared and unprotected into Rome would be reckless,268,11,41.902783500000005,12.4963655,0
270,Rome,GPE,"Some of surrounding 
Rome may be in danger",270,11,41.902783500000005,12.4963655,0
272,Vatican City,GPE,"There is a possibility, if we kill power to Vatican City, that we can eliminate the background RF
and create a clean enough environment to get a reading on that canister’s ma field",272,10,41.902916,12.453389,0
274,Vatican City,GPE,"“You want to black outVatican City?”
“Possibly",274,10,41.902916,12.453389,0
276,Vatican City,GPE,"“Believe me, removing all protection from Vatican City in order to stake out hundreds of churches is what the Illuminati hopewe will do ",276,10,41.902916,12.453389,0
281,Vatican City,GPE,"The public, it seemed, had little interest in Vatican City",281,10,41.902916,12.453389,0
282,Rome,GPE,"“What’s the angle?”
“Do you have a TV reporter in Rome covering the election?”
“I believe so",282,11,41.902783500000005,12.4963655,0
283,Vatican City,GPE,"Yawning, she looked at her computer and typed in the keywords “Vatican City",283,10,41.902916,12.453389,0
285,Vatican City,GPE,The BBC content editor copied down the reporter’s satelliteVatican City,285,10,41.902916,12.453389,0
286,Vatican,FAC,"But Vittoria knew if news of the Vatican predicament leaked out, the entire area could fill with onlookers in a matter of minutes",286,67,41.902916,12.453389,0
287,Vatican City,GPE,The archives are across Vatican City,287,10,41.902916,12.453389,0
288,Italy,GPE,Italy is a bit far to come on a lark when you make a teacher’s salary,288,58,41.87194,12.56738,0
294,Vatican,FAC,"Galileo’s Illuminati needed to protect themselves from the Vatican, so they founded an ultrasecret Illuminati meeting place here in Rome",294,67,41.902916,12.453389,0
295,Rome,GPE,"Galileo’s Illuminati needed to protect themselves from the Vatican, so they founded an ultrasecret Illuminati meeting place here in Rome",295,11,41.902783500000005,12.4963655,0
296,Vatican,FAC,Their meeting place was simply where they could safely congregate and discuss topics forbidden by the Vatican,296,67,41.902916,12.453389,0
297,Rome,GPE,"Word of Galileo’s brotherhood started to spread in the 1630s, and scien ts
tis 
from 
a around the world m de secret pilgrimages to Rome hoping to join the Illuminati ",297,11,41.902783500000005,12.4963655,0
298,Rome,GPE,"Unfortunately, though, because of the Illuminati’s secrecy, scientists arriving in Rome never knew where to go for the meetings or to whom they could safely speak",298,11,41.902783500000005,12.4963655,0
299,Vatican,FAC,".”
“But if the Vatican wanted to find the Illuminati,” Vittoria argued, “couldn’t theysimply follow the markers?”
“No",299,67,41.902916,12.453389,0
300,Vatican,FAC,"If these markers were in public locations, certainly there existed members of the Vatican who could have figured it out",300,67,41.902916,12.453389,0
301,Rome,GPE,"They created ma that
rkers 
faded into the backdrop of ancient Rome",301,11,41.902783500000005,12.4963655,0
302,Rome,GPE,"First, the sculptures had to look like the rest of the artwork in Rome ",302,11,41.902783500000005,12.4963655,0
303,Vatican,FAC,artwork that the Vatican would neversuspect belonged to the Illuminati,303,67,41.902916,12.453389,0
309,Rome,GPE,“The pieces blended into the sea of religious artwork all over Rome,309,11,41.902783500000005,12.4963655,0
310,Rome,GPE,"By donating the artwork anonymously to specific churches and then using their political influence, the brotherhood facilitated placement of these four pieces in carefully chosen churches in Rome",310,11,41.902783500000005,12.4963655,0
313,Vatican,FAC," 
As was Vatican tradition, following the Pope’s death the camerlegno had personally confirmed expiration by placing his fingers on the Pope’s carotid artery, listening for breath, and then calling the Pope’s name three times",313,67,41.902916,12.453389,0
324,Vatican City,GPE,"Although Glick’s first monthly review had come back filled with superlatives-resourceful, sharp, dependable-here he was in Vatican City on “Pope-Watch",324,10,41.902916,12.453389,0
325,Vatican,FAC,"He was to sit here waiting for a bunch of old farts to elect their next chief old fart, then he was to step outside and record a fifteen-second “live” spot with the Vatican as a backdrop",325,67,41.902916,12.453389,0
326,Vatican City,GPE," 
The imperial m 
fore him 
ountain of Vatican City rose be as a dismal reminder of what men
could accom 
i 
plish when they put their m nds to it",326,10,41.902916,12.453389,0
327,Vatican City,GPE,"“Gunther Glick, BBC, Live in Vatican City",327,10,41.902916,12.453389,0
331,Vatican,FAC,“Looks like the Vatican has its own system,331,67,41.902916,12.453389,0
333,Vatican,FAC,It is accepted theory now that the clue exists and that Galileo mass distributed it to the scientific community without the Vatican ever knowing,333,67,41.902916,12.453389,0
334,Vatican,FAC,".”
“That the Vatican no doubt saw",334,67,41.902916,12.453389,0
336,Vatican,FAC,"In the early 1630s, Galileo had wanted to publish a book endorsing the Copernican heliocentric model of the solar system, but the Vatican would not permit the book’s release unless Galileo included equally 
ence for the church’spersuasive evid geocentric model-a model Galileo knew to be dead wrong",336,67,41.902916,12.453389,0
337,Vatican,FAC," 
“As you probably know,” Langdon said, “despite Galileo’s compromise, Diàlogowas still seen as heretical, and the Vatican placed him under house arrest",337,67,41.902916,12.453389,0
338,Rome,GPE,"Like some of
Galileo’s previous manuscripts, Diagrammawas smuggled out of Rome ndby a friend a 
quietly published in Holland",338,11,41.902783500000005,12.4963655,0
340,Vatican,FAC,Then the Vatican caught wind of it and went on a book-burning campaign,340,67,41.902916,12.453389,0
341,Vatican,FAC,"But between the Vatican burnings and the booklet’s low permanence rating, the booklet has disappeared off the face of the earth",341,67,41.902916,12.453389,0
344,Vatican,FAC,"“And it’shere?”
“Confiscated from the Netherlands by the Vatican shortly after Galile n
o’s death",344,67,41.902916,12.453389,0
348,Vatican,FAC,"If this segno, this clue, this advertisement about the Path of Illumination was really in Galileo’s Diagramma,ee it when th 
why didn’t the Vatican s 
ey repossessed all the copies?”
“They may have seen it and not noticed",348,67,41.902916,12.453389,0
349,Vatican,FAC,".”
“The wrong people being the Vatican?”
“Not that they are wrong, per se, but the church has always downplayed the Illuminati threat",349,67,41.902916,12.453389,0
350,Vatican,FAC,"In the early 1900s the Vatican went so far as to say the Illuminati were a figment of overactive im 
nd perhaps rightly so, that the last thing
aginations",350,67,41.902916,12.453389,0
351,Vatican,FAC," 
“So you think the Vatican would have buried any evidence corroborating the Illuminati threat?”
“Quite possibly",351,67,41.902916,12.453389,0
352,Vatican,FAC," 
“The longest and most expensive legal proceeding in Vatican history",352,67,41.902916,12.453389,0
353,Vatican,FAC,"The Vatican, it seemed, took their archives a bit more seriously than m n
ost",353,67,41.902916,12.453389,0
355,Vatican,FAC,Something’s going on inside the Vatican,355,67,41.902916,12.453389,0
358,Vatican,FAC,The Vatican exalted the perfection of thecircleand insisted heavenly motion must be only circular,358,67,41.902916,12.453389,0
359,Rome,GPE," “Merda, as we say in Rome",359,11,41.902783500000005,12.4963655,0
361,Rome,GPE," Show yourself, damn it! Show yourself!53
S omewhere beneath Rome the dark figure prowled down a stone ramp into the underground tunnel",361,11,41.902783500000005,12.4963655,0
363,Italy,GPE,".”
“Nobody spoke English in Italy, not even-”
“But this was in the 1600s,” Langdon argued",363,58,41.87194,12.56738,0
364,Vatican,FAC," 
nd humm 
“In the 1600s,” he said, talking faster
now, “Englishwas one language the Vatican had not yet embraced",364,67,41.902916,12.453389,0
365,Vatican,FAC,"They dealt in Italian, Latin, German, even Spanish and French, but English was totally foreign inside the Vatican",365,67,41.902916,12.453389,0
367,Vatican,FAC," 
“So you’re saying maybe Galileo considered English la lingua purabecause it was the one language the Vatican did not control?”
“Yes",367,67,41.902916,12.453389,0
368,Vatican,FAC,"Or maybe by putting the clue in English, Galileo was subtly restricting the readership away from the Vatican",368,67,41.902916,12.453389,0
369,Rome,GPE,"Not only had Milton made a well-documented 1638
pilgrimage to Rome to “commune with enlightened men,” but he had held meetings with Galileo during the scientist’s house arrest, meetings portrayed a in m ny Renaissance
paintings, including Annibale Gatti’s famous Gal which hung even nowileo and Milton,
in the IMSS Museum in Florence",369,11,41.902783500000005,12.4963655,0
373,Vatican,FAC,far from the eyes of the Vatican ,373,67,41.902916,12.453389,0
376,Rome,GPE," 
p, a clue unveiling the four a 
the four markers that
blazed a secret path across Rome",376,11,41.902783500000005,12.4963655,0
378,Rome,GPE,"From there, across Rome, the markers blazed the trail",378,11,41.902783500000005,12.4963655,0
380,Rome,GPE,"Even in the 1600s, the Pantheon, with its tremendous, holed dome, was one of the best known sites in Rome",380,11,41.902783500000005,12.4963655,0
381,Rome,GPE," 
“Oldest Catholic church in Rome",381,11,41.902783500000005,12.4963655,0
382,Rome,GPE,“But do you really think the first cardinal could be killed at the Pantheon? That’s got to be one of the busiest tourist spots in Rome,382,11,41.902783500000005,12.4963655,0
383,Vatican City,GPE,".”
“As impossible as kidnapping four cardinals from Vatican City? The poem is precise",383,10,41.902916,12.453389,0
385,Rome,GPE,"“Earthly? Actually, there’s probably no more earthly place in Rome than the Pantheon",385,11,41.902783500000005,12.4963655,0
387,Vatican City,GPE,“I have just removed a dozen of my best men from Vatican City on the eve of conclave,387,10,41.902916,12.453389,0
389,Vatican,FAC,“The Vatican had all the statues in the Pantheon removed and destroyed in the late 1800s,389,67,41.902916,12.453389,0
390,Piazza della Rotunda,FAC,"Cars
to Piazza della Rotunda, Via delgi Orfani, Piazza Sant’Ignacio, and Sant’Eustachio",390,390,41.8992619,12.4768866,0
391,Sant’Eustachio,FAC,"Cars
to Piazza della Rotunda, Via delgi Orfani, Piazza Sant’Ignacio, and Sant’Eustachio",391,391,41.8997351,12.4746038,0
396,Vatican,FAC," 59
T he Swiss Guard “staging room” is located adjacent to the Corpo di Vigilanza barracks and is used primarily for planning the security surrounding papal appearances and public Vatican events",396,67,41.902916,12.453389,0
398,Vatican City,GPE,He had been in Vatican City only three months,398,10,41.902916,12.453389,0
400,Vatican,FAC,"Like every man there, Chartrand was Swiss Arm 
d tw 
y trained and had endure 
o
years of additional ausbildingin Bern before qualifying for the grueling Vatican pròvaheld in a secret barracks outside of Rome",400,67,41.902916,12.453389,0
401,Rome,GPE,"Like every man there, Chartrand was Swiss Arm 
d tw 
y trained and had endure 
o
years of additional ausbildingin Bern before qualifying for the grueling Vatican pròvaheld in a secret barracks outside of Rome",401,11,41.902783500000005,12.4963655,0
403,the Eternal City,LOC,Nap time was eternal in the Eternal City-the ubiquitous public dozing a perfected extension of the afternoon siestas born of ancient Spain,403,403,41.902783500000005,12.4963655,0
408,Piazza della Rotunda,FAC,".”
As they rounded the corner into Piazza della Rotunda, the Pantheon rose before them",408,390,41.8992619,12.4768866,0
411,Rome,GPE,Others sat enjoying Rome’s best iced coffee at La Tazza di Oro’soutdoor cafe,411,11,41.902783500000005,12.4963655,0
413,Vatican,FAC,"Sadly, Langdon knew they once contained statues of the Olympian gods, but the pagan sculptures had been destroyed when the Vatican converted the Pantheon to a Christian church",413,67,41.902916,12.453389,0
414,Italy,GPE," 
As Langdon m 
e 
oved toward the first recess, hpassed the tomb of one of Italy’s Catholic kings",414,58,41.87194,12.56738,0
415,Rome,GPE,"The sarcophagus, like many in Rome, was askew with the wall, positioned awkwardly",415,11,41.902783500000005,12.4963655,0
416,Rome,GPE,“It is my job to make your visit to Rome more interesting,416,11,41.902783500000005,12.4963655,0
417,Rome,GPE,".”More interesting?
s certain this part Langdon wa 
icular visit to Rome was plenty 
interesting",417,11,41.902783500000005,12.4963655,0
420,Vatican,FAC,hercanister that was now counting down inside the Vatican,420,67,41.902916,12.453389,0
421,Vatican,GPE,"It is under secret preservation in the Vatican Arc-”
“Could you excuse us 
used by Vittoria’s panic",421,67,41.902916,12.453389,0
423,Rome,GPE,“The Illuminati altars of science were here in Rome,423,11,41.902783500000005,12.4963655,0
424,Rome,GPE,In Rome,424,11,41.902783500000005,12.4963655,0
425,Rome,GPE,“This was Raphael’s only tomb in Rome,425,11,41.902783500000005,12.4963655,0
426,Rome,GPE,"If Raphael’s tomb wasn’t in Rome in 1655, then what was the poem referring to? Santi’s earthly tomb with demon’s hole? What the hell is it? Think!
“Was there another artist called Santi?” Vittoria asked",426,11,41.902783500000005,12.4963655,0
428,Rome,GPE,"Half of the sculpting done
in Renaissance and Baroque Rome was for the funeraries",428,11,41.902783500000005,12.4963655,0
430,the Chigi Chapel,FAC,“It’s called the Chigi Chapel,430,430,41.9114511,12.4764951,0
431,this Chigi Chapel,FAC,"“Signore, whereis this Chigi Chapel?”
“About a mile north",431,431,41.9114511,12.4764951,0
434,the Chigi Chapel,FAC,"“Wrong? What do you mean?”
“The first altar of science is at the Chigi Chapel!”
“Where?” Now Olivetti sounded angry",434,430,41.9114511,12.4764951,0
441,Vatican,FAC,"“Although from the phone call we just got, it appears they dohave a special spot in their hearts for the Vatican",441,67,41.902916,12.453389,0
443,the Piazza del Popolo,FAC,They skidded to a stop on the south side of the Piazza del Popolo just before eight,443,443,41.91070379999999,12.4763579,0
446,Rome,GPE,"Spoils of Rome’s imperial 
elisks were scattered acrossplundering, ob 
Rome and referred to by symbologists as “Lofty Pyramids”-skyward extensions of the sacred pyramidal form",446,11,41.902783500000005,12.4963655,0
447,Rome,GPE,"Spoils of Rome’s imperial 
elisks were scattered acrossplundering, ob 
Rome and referred to by symbologists as “Lofty Pyramids”-skyward extensions of the sacred pyramidal form",447,11,41.902783500000005,12.4963655,0
448,Porta del Popolo,FAC,.” Langdon pointed to the imposing Porta del Popolo-the high stone archway at the far end of the piazza,448,448,41.911541299999996,12.4760243,0
450,the Vatican Museums,FAC,".”
At that moment, inside the Vatican Museums, a task force of Swiss Guards spread out in all directions",450,450,41.906487799999994,12.4536413,0
451,Vatican,FAC,Every guard wore headphones connected to an antennalike detector that he waved rhythmically in front of him-the same devices they used twice a week to sweep for electronic bugs inside the Vatican,451,67,41.902916,12.453389,0
455,this Chigi Chapel,FAC,"“Where is this Chigi Chapel?”
Langdon gazed through the dusky ghostliness toward the back of the cathedral and studied the outer walls",455,431,41.9114511,12.4764951,0
459,the Chigi Chapel,FAC," 
It seemed the Chigi Chapel was located in the third of four recessed alcoves to their right",459,430,41.9114511,12.4764951,0
460,the Chigi Chapel,FAC,"They would have to traverse the length of the cathedral, passing three other chapels, each of them, like the Chigi Chapel, covered with translucent plastic shrouds",460,430,41.9114511,12.4764951,0
461,the Chigi Chapel,FAC,"Finished entirely in chestnut marble, the Chigi Chapel was breathtaking",461,430,41.9114511,12.4764951,0
465,Rome,GPE,"Gunther Glick was checking his map of Rome, apparen t",465,11,41.902783500000005,12.4963655,0
467,Italy,GPE,".”
“So what?”
“Four identical cars, allwith four passengers?”
“You ever heard of carpooling?”
“In Italy?” Glick checked the intersection",467,58,41.87194,12.56738,0
468,the Chigi Chapel,FAC,deeper and deeper beneath the floor of the Chigi Chapel,468,430,41.9114511,12.4764951,0
485,The Chigi Chapel,FAC,The Chigi Chapel was packed with Swiss Guards,485,485,41.9114511,12.4764951,0
486,Vatican,FAC,Galileo was a thorn in the Vatican’s side,486,67,41.902916,12.453389,0
487,Vatican,FAC,Bernini was the Vatican’s wonder boy,487,67,41.902916,12.453389,0
488,Vatican,FAC,He was elected the Vatican’s overall artistic authority,488,67,41.902916,12.453389,0
489,Vatican City,GPE,"He practically lived inside Vatican City his entire life!”
“A perfect cover",489,10,41.902916,12.453389,0
490,Vatican,FAC,"That way, the Vatican would never find out",490,67,41.902916,12.453389,0
491,Rome,GPE,"Could it be that here in this tiny Chigi Chapel, the worldrenowned Bernini had placed a sculpture that pointed across Rome toward the next altar of science?
“Bernini,” he said",491,11,41.902783500000005,12.4963655,0
492,Rome,GPE,".”
“Who other than a famous Vatican artist would have had the clout to put his artwork in 
specific Catholic chapels around Rome and create the Path of Illumination?notCertainly 
an unknown",492,11,41.902783500000005,12.4963655,0
494,Vatican,FAC,"As he drew near, Langdon recognized the work was pure Bernini-the intensity of the artistic composition, the intricate faces and flowing clothing, all from the purest white marble Vatican money could buy",494,67,41.902916,12.453389,0
496,Piazza del Popolo,FAC,"“Well I’ll be damned!”70
G unther Glick and Chinita Macri sat parked in the BBC van in the shadows at the far end of Piazza del Popolo",496,496,41.91070379999999,12.4763579,0
497,Rome,GPE,"It was getting dark now, the springtime sun setting late in southern Rome 
",497,11,41.902783500000005,12.4963655,0
504,Rome,GPE,One that shows all the churches in Rome,504,11,41.902783500000005,12.4963655,0
505,Rome,GPE,"“And I
don’t know Rome’s churches well enou-” He stopped",505,11,41.902783500000005,12.4963655,0
506,Rome,GPE,"His view of Rome, however, got better with every step",506,11,41.902783500000005,12.4963655,0
507,Rome,GPE,"Like an o 
i 
cean on f re, the red-tiled rooftops of Rome spread
out before him, glowing in the scarlet sunset",507,11,41.902783500000005,12.4963655,0
508,Rome,GPE,"From that spot, for the first time in his life, Langdon saw beyond the pollution and traffic of Rome to its ancient roots-Città di DioThe city of God",508,11,41.902783500000005,12.4963655,0
510,Rome,GPE,"There are hundreds of churches in Rome , he thought",510,11,41.902783500000005,12.4963655,0
511,Rome,GPE,"Not to mention, Rome had changed dramatically since the 1600s when churches were by law the tallest buildings allowed",511,11,41.902783500000005,12.4963655,0
512,Rome,GPE,"In the distance, on the very edge of Rome, Michelangelo’s massive dome blotted the setting sun",512,11,41.902783500000005,12.4963655,0
513,St. Peter’s Basilica,GPE,St,513,149,41.9021667,12.4539367,0
514,Vatican City,GPE,Vatican City,514,10,41.902916,12.453389,0
517,Rome,GPE,"The line missed, by a substantial margin, the cluster of black squares indicating Rome’s major churches",517,11,41.902783500000005,12.4963655,0
518,Rome,GPE,"Unfortunately, Rome’s major churches were also Rome 
s ",518,11,41.902783500000005,12.4963655,0
519,Rome,GPE,"Unfortunately, Rome’s major churches were also Rome 
s ",519,11,41.902783500000005,12.4963655,0
520,the Margherita Bridge,FAC,"The path intersected the Margherita Bridge, Via Cola di Riezo, and passed through Piazza del Risorgimento, hitting no churches at all until it dead-ended abruptly at the center of St",520,520,41.90984279999999,12.472845300000001,0
521,Via Cola di Riezo,FAC,"The path intersected the Margherita Bridge, Via Cola di Riezo, and passed through Piazza del Risorgimento, hitting no churches at all until it dead-ended abruptly at the center of St",521,521,41.9079743,12.465208,0
522,Piazza del Risorgimento,FAC,"The path intersected the Margherita Bridge, Via Cola di Riezo, and passed through Piazza del Risorgimento, hitting no churches at all until it dead-ended abruptly at the center of St",522,522,41.906333700000005,12.4580356,0
523,St. Peter’s Square,GPE,"The path intersected the Margherita Bridge, Via Cola di Riezo, and passed through Piazza del Risorgimento, hitting no churches at all until it dead-ended abruptly at the center of St",523,156,41.9022225,12.456728300000002,0
527,Vatican,FAC,"“The Vatican’s monolith 
y is not by Bernini",527,67,41.902916,12.453389,0
528,Rome,GPE," 
“Besides, the poem says the elements are spread across Rome ",528,11,41.902783500000005,12.4963655,0
529,St. Peter’s Square,GPE,St,529,156,41.9022225,12.456728300000002,0
530,Vatican City,GPE,Peter’s Square is in Vatican City,530,10,41.902916,12.453389,0
531,Rome,GPE,Not Rome,531,11,41.902783500000005,12.4963655,0
533,Vatican City,GPE,"Peter’s Square as part of Vatican City, but because it’s outside 
a the walled city, Rom n officials for centuries have claimed
it as part of Rome",533,10,41.902916,12.453389,0
534,Rome,GPE,"Peter’s Square as part of Vatican City, but because it’s outside 
a the walled city, Rom n officials for centuries have claimed
it as part of Rome",534,11,41.902783500000005,12.4963655,0
536,St. Peter’s Square,GPE,I know every corner of St,536,156,41.9022225,12.456728300000002,0
538,St. Peter’s Square,GPE,“I wasn’t thinking in those terms! That tile you’re talking about in St,538,156,41.9022225,12.456728300000002,0
540,Piazza del Popolo,FAC,"Peter’s Squarewas designed by Bernini!”
As the caravan of Alpha Romeos tore out of Piazza del Popolo, everyone was in too much of a hurry to notice the BBC van pulling out behind them",540,496,41.91070379999999,12.4763579,0
542,the Tiber River,LOC," 73
G unther Glick floored the BBC van’s accelerator and swerved through traffic as he e 
tailed the four speeding Alpha Rom os across the Tiber River on Ponte Margherita",542,542,42.2955402,12.4894408,0
543,Ponte Margherita,LOC," 73
G unther Glick floored the BBC van’s accelerator and swerved through traffic as he e 
tailed the four speeding Alpha Rom os across the Tiber River on Ponte Margherita",543,543,41.90984279999999,12.472845300000001,0
548,Vatican,FAC," 
In addition to the men Olivetti had just dispatched, the commander had radioed ahead to the Vatican and sent additional undercover guards to the center where Bernini’s West Ponentewas located",548,67,41.902916,12.453389,0
549,St. Peter’s Square,GPE,As Langdon looked out at the wide-open spaces of St,549,156,41.9022225,12.456728300000002,0
550,St. Peter’s Basilica,GPE,The springtime sun was setting behind St,550,149,41.9021667,12.4539367,0
554,Rome,GPE,"It seemed Rome was suddenly filled with ellipses, pyramids, and startling geometry",554,11,41.902783500000005,12.4963655,0
555,St. Peter’s Square,GPE," 
Somewhere around the obelisk, boldly positioned outside the largest church in the world, was the second altar of science-Bernini’s West Ponente -an elliptical block in St",555,156,41.9022225,12.456728300000002,0
557,Rome,GPE,"Today had been a day of phone tips, corpses, unmarked cars racing through Rome, and men in tweed jackets climbing scaffolding in search of God only knew what",557,11,41.902783500000005,12.4963655,0
559,Rome,GPE,"Not in his art books, not in his numerous trips to Rome, not everhad West Ponente ’s significance jumped out at him",559,11,41.902783500000005,12.4963655,0
562,Vatican,FAC,"Gusting from the angel’s mouth, Bernini had drawn a powerful breath of air blowing outward away from the Vatican ",562,67,41.902916,12.453389,0
563,Vatican,FAC,She pointed up at the Vatican as if showing Langdon something on the dome,563,67,41.902916,12.453389,0
565,Rome,GPE,apparently one of Rome’s homeless,565,11,41.902783500000005,12.4963655,0
566,St. Peter’s Square,GPE," 
Her video came 
nchor as sh 
ra felt like an a 
e lumbered across St",566,156,41.9022225,12.456728300000002,0
568,Vatican,FAC,"The other f bed
orcibly grab 
her by the arm and twisted her in the direction of the Vatican",568,67,41.902916,12.453389,0
569,Vatican,FAC," 
in the crowded square outside the Vatican Virgin sacrifices on the altars of science ",569,67,41.902916,12.453389,0
570,Vatican,FAC," 
tter search had turned up nothing so
Either the guards had missed the canister, or the intruder had gotten deeper inside the Vatican than Commander Olivetti had been willing to entertain",570,67,41.902916,12.453389,0
571,Vatican City,GPE," 
As the tape rolled, she told him about the conversation she had just had with Gunther Glick in Vatican City",571,10,41.902916,12.453389,0
574,Rome,GPE,".”
At that exact instant, somewhere in Rome, the Hassassin enjoyed a fleeting moment of repose in a comfortable chair",574,11,41.902783500000005,12.4963655,0
575,St. Peter’s Square,GPE," 
Robert Langdon stood nearby staring out at St",575,156,41.9022225,12.456728300000002,0
579,Vatican City,GPE,".”
“Captain,” the camerlegno said, “excuse me if I seem less than hopeful, but I was under the impression that a search of Vatican City would take far more time than we have",579,10,41.902916,12.453389,0
580,Vatican,FAC,"However,ter assessing the situation, I am confident the antimatter canister is located in one of our white zones-those Vatican sectors accessible to public tours-the museums and St",580,67,41.902916,12.453389,0
581,St. Peter’s Basilica,GPE,"However,ter assessing the situation, I am confident the antimatter canister is located in one of our white zones-those Vatican sectors accessible to public tours-the museums and St",581,149,41.9021667,12.4539367,0
582,Vatican City,GPE,".”
“You intend to search only a small percentageof Vatican City?”
“Yes, signore",582,10,41.902916,12.453389,0
583,Vatican City,GPE,It is highly unlikely that an intruder gained access to the inner zones of Vatican City,583,10,41.902916,12.453389,0
584,Vatican,FAC,"We must rememb 
u 
er that the cardinals spent m ch of today in the
Vatican museums and St",584,67,41.902916,12.453389,0
585,St. Peter’s Basilica,GPE,"We must rememb 
u 
er that the cardinals spent m ch of today in the
Vatican museums and St",585,149,41.9021667,12.4539367,0
586,St. Peter’s Square,GPE," 
The soldier pointed to St",586,156,41.9022225,12.456728300000002,0
587,Vatican City,GPE,"The central line ofstWe Ponente ’s breath points due east, directly away from Vatican City",587,10,41.902916,12.453389,0
589,the Tiber River,LOC,"Peter’s Square ac 
ross the Tiber River and up into the heart of 
old Rome",589,542,42.2955402,12.4894408,0
590,Rome,GPE,"Peter’s Square ac 
ross the Tiber River and up into the heart of 
old Rome",590,11,41.902783500000005,12.4963655,0
591,Rome,GPE,"“As you can see, the line passes through almost all of Rome",591,11,41.902783500000005,12.4963655,0
594,Rome,GPE,four towering beacons rising over Rome to mark the altars of science,594,11,41.902783500000005,12.4963655,0
595,Rome,GPE," 
“It’s a long shot,” Langdon said, “but I know that many of Rome’s obelisks were erected or moved during Bernini’s reign",595,11,41.902783500000005,12.4963655,0
598,Vatican City,GPE,A mass stakeout means leaving Vatican City unprotected and canceling the search,598,10,41.902916,12.453389,0
599,Vatican,FAC,"“Would it have been created while Bernini was employed here at the Vatican?”
“Almost definitely,” Langdon said",599,67,41.902916,12.453389,0
600,Vatican,FAC,Vatican assets? He scanned the list of contents,600,67,41.902916,12.453389,0
601,Vatican,FAC," 
“Paperwork of all Vatican assets,” the guard said",601,67,41.902916,12.453389,0
602,Vatican,FAC,"In Bernini’s day, everything an artist created while under the patronage of e, by law,the Pope becam 
property of the Vatican",602,67,41.902916,12.453389,0
603,Vatican City,GPE,"“Including works placed in churches outsideVatican City?”
The soldier gave him an odd look",603,10,41.902916,12.453389,0
604,Rome,GPE,All Catholic churches in Rome are property of the Vatican,604,11,41.902783500000005,12.4963655,0
605,Vatican,FAC,All Catholic churches in Rome are property of the Vatican,605,67,41.902916,12.453389,0
607,Vatican City,GPE," 
“For MSNBC news,” she announced, “this is Kelly Horan-Jones, live from Vatican City",607,10,41.902916,12.453389,0
609,Rome,GPE,We have reports that two members of the College of Cardinals have been brutally murdered in Rome,609,11,41.902783500000005,12.4963655,0
615,Vatican,FAC," 
“This astonishing footage,” the reporter was saying, “was shot only minutes ago outside the Vatican",615,67,41.902916,12.453389,0
617,Vatican,FAC,"So far, the Vatican has refused to comment",617,67,41.902916,12.453389,0
618,Vatican City,GPE,"Outside the window, in the settling dark, the raw magnetism of human tragedy seemed to be sucking people toward Vatican City",618,10,41.902916,12.453389,0
620,Vatican City,GPE," 
all, it will b 
”
“The truth? That Vatican City is threatened to be destroyed by satanic terrorists? It only weakens our position",620,10,41.902916,12.453389,0
621,Vatican,GPE," 
“By Vatican law,” the woman continued, “no formal autopsy is ever performed on a Pope, so the Illuminati claim of murder cannot be confirmed",621,67,41.902916,12.453389,0
622,Vatican,FAC,"Nonetheless, the Illumi ti
na 
hold that the cause of the late Pope’s death was not a strokeas the Vatican reported, butpoisoning",622,67,41.902916,12.453389,0
623,VATICAN,FAC,"  MURDER AT THE VATICAN 
POPE POISONED SATAN TOUCHES HOUSE OF GOD 
The camerlegno looked away",623,623,41.902916,12.453389,0
625,VATICAN CITY,GPE,"Underneath his photo, it said: GUNTHER GLICK-LIVE IN VATICAN CITY",625,625,41.902916,12.453389,0
626,the Chigi Chapel,FAC,my videographer got the footage of the cardinal being removed from the Chigi Chapel,626,430,41.9114511,12.4764951,0
628,Vatican,FAC,"The caller told me that the Pope’s death was nota stroke, as the Vatican had thought, but rather that the Pope had been poisoned by the Illuminati",628,67,41.902916,12.453389,0
630,Vatican City,GPE,"The alleged assassin 
plies a much
deeper infiltration of Vatican City than we had imagined",630,10,41.902916,12.453389,0
631,Vatican City,GPE,In twenty minutes I will be making a decision whether or not to cancel conclave and evacuate Vatican City,631,10,41.902916,12.453389,0
632,VATICAN,FAC," 
saw the headlines on the TERROR AT THE VATICAN 
Sylvie listened to the report, unable to believe her ears",632,623,41.902916,12.453389,0
634,Vatican,FAC,"The Vatican called CERN from time to time as a
“courtesy” before issuing scathing statements condemning CERN’s research-most recently for CERN’s breakthroughs in nanotechn field the church 
ology, a denounced
because of its implications for genetic engineering",634,67,41.902916,12.453389,0
635,Vatican,FAC,"Invariably, within minutes after a Vatican salvo, Kohler’s phone would ring off the hook with techinvestment companies wanting to license the new discovery",635,67,41.902916,12.453389,0
636,Vatican City,GPE," 
Far away, in Vatican City, Cardinal Mortati carried another tray of ballots to the Sistine Chapel chimney",636,10,41.902916,12.453389,0
637,St. Peter’s Basilica,GPE," 83
F lashlights were no match for the voluminous blackness of St",637,149,41.9021667,12.4539367,0
638,Vatican,FAC,It was the famous sunken sanctuary beneath the main altar-the sumptuous underground chamber that held the Vatican’s most sacred relics,638,67,41.902916,12.453389,0
644,Vatican,FAC,The Vatican excavated it in the forties,644,67,41.902916,12.453389,0
646,Vatican,FAC,"“Shouldn’t the Vatican tell people?”
“We all benefit from a se 
ontact with di 
nse of c 
vinity ",646,67,41.902916,12.453389,0
647,Vatican City,GPE,"What was faith 
ter all?
, af 
“Change,” the camerlegno said, “is not something we do well within Vatican City",647,10,41.902916,12.453389,0
651,Rome,GPE,"Langdon hoped they could c 
the killer before he had to consider Water -Bernini had carved dozens of fountains in Rome, most of them in front of churches",651,11,41.902783500000005,12.4963655,0
652,Vatican,FAC,"Teresa , shortly after its unveiling, had been moved from its original location inside the Vatican",652,67,41.902916,12.453389,0
653,Vatican,FAC,Teresaas too sexually explicit for the Vatican,653,67,41.902916,12.453389,0
654,Vatican,FAC,"Was it possible? Had Bernini intentionally created a work so explicit that it forced the Vatican to hide it in some out-of-the-way spot? A location perhaps that Bernini himself could suggest? Maybe a remote church on a direct line with West Ponente ’s b 
th?
rea 
As Langdon’s excitement mounted, his vague familiarity with the statue intervened, insisting the work had nothing to do with fire ",654,67,41.902916,12.453389,0
655,Vatican,FAC,Hardly Vatican fare,655,67,41.902916,12.453389,0
656,Holy Vatican Grottoes,FAC," 85
T he Holy Vatican Grottoes are located beneath the main floor of St",656,656,41.9021667,12.4539367,0
657,St. Peter’s Basilica,GPE," 85
T he Holy Vatican Grottoes are located beneath the main floor of St",657,149,41.9021667,12.4539367,0
658,Vatican,FAC,"Not only was he facing the most devastating threat in Vatican history, but he was doing it without his mentor and friend ",658,67,41.902916,12.453389,0
659,Vatican,FAC,Vatican laws are established to protect this church,659,67,41.902916,12.453389,0
662,the Vatican Grottoes,FAC," 
Thirty second 
, Vittoria was standing before a corpse when
s later, in the Vatican Grottoes 
the electronic squawk of a walkie-talkie broke the silence",662,662,41.9021667,12.4539367,0
663,Vatican City,GPE," 
When Olivetti’s Alpha Romeo tore out of Vatican City, this time there was no line of unmarked cars following him",663,10,41.902916,12.453389,0
664,Rome,GPE,"Where are we going?”88
E ven with its siren now affixed and blaring, Olivetti’s Alpha Romeo seemed to go unnoticed as it rocketed across the bridge into the heart of old Rome",664,11,41.902783500000005,12.4963655,0
665,Vatican,FAC,"All the traffic was moving in the other direction, toward the Vatican, as if the Holy See had suddenly become the hottest entertainment in Rome",665,67,41.902916,12.453389,0
666,Rome,GPE,"All the traffic was moving in the other direction, toward the Vatican, as if the Holy See had suddenly become the hottest entertainment in Rome",666,11,41.902783500000005,12.4963655,0
669,Vatican,FAC,"a plot including a powerful, ruthless and illegal Masonic lodge with tentacles stretching into the Vatican",669,67,41.902916,12.453389,0
671,Vatican,FAC,"He pictured the Vatican Curator collapsing in spasms of outrage at the thought of this priceless artifact being packed around Rome like some tourist ma 
thought of the m 
p",671,67,41.902916,12.453389,0
672,Rome,GPE,"He pictured the Vatican Curator collapsing in spasms of outrage at the thought of this priceless artifact being packed around Rome like some tourist ma 
thought of the m 
p",672,11,41.902783500000005,12.4963655,0
674,St. Peter’s Basilica,GPE," 
Only a hundred yards away, inside the thick walls of St",674,149,41.9021667,12.4539367,0
675,Vatican City’s,GPE,"The search of Vatican City’s pub 
d noth 
lic access areas so far had yielde 
ing",675,175,41.902916,12.453389,0
676,Vatican City,GPE," 
It seemed every day since Chartrand had arrived in Vatican City he had learned some new Vatican mystery",676,10,41.902916,12.453389,0
677,Vatican,FAC," 
It seemed every day since Chartrand had arrived in Vatican City he had learned some new Vatican mystery",677,67,41.902916,12.453389,0
678,Vatican,FAC,"Then again, Chartrand realized, never before in history had the Vatican been sitting on what amounted to some clearsort of neoteric nu 
warhead",678,67,41.902916,12.453389,0
679,Vatican City,GPE,The camerlegno was the person inside Vatican City for whom Chartrand held the most respect,679,10,41.902916,12.453389,0
680,Vatican,FAC," 
Chartrand had only been at the Vatican a few months when he heard the story of the bomb that blew up the camerlegno’s mother before the kid’s very eyes",680,67,41.902916,12.453389,0
682,Vatican City,GPE,"A couple months back, on a peaceful afternoon inside Vatican City, Chartrand had bumped into the camerlegno coming across the grounds",682,10,41.902916,12.453389,0
684,Vatican,FAC,no comment yet from the Vatican ,684,67,41.902916,12.453389,0
685,Rome,GPE,"satanic
urde 
presence in Rome ",685,11,41.902783500000005,12.4963655,0
686,Rome,GPE,"Rome sat riveted, as did the rest of the world",686,11,41.902783500000005,12.4963655,0
687,Vatican,FAC,"Apparently, the women had been inside the church fifteen minutes ago praying for the Vatican in its time of need, when some man had appeared and told them the church was closing early",687,67,41.902916,12.453389,0
689,Santa Maria della Vittoria,GPE," 91
L angdon and Vittoria dashed to the main entrance of the church of Santa Maria della Vittoria and found the wooden door locked",689,689,41.9047008,12.4943693,0
692,Vatican,GPE,"For the first time in Vatican history, a camerlegnohad just crossed the sacred threshold of conclave aftersealing the doors",692,67,41.902916,12.453389,0
694,Vatican City,GPE,"And finally, his words almost a whisper, he spoke of a deadly new technology, antimatter, which in less than two hours threatened to destroy all of Vatican City",694,10,41.902916,12.453389,0
701,Vatican,FAC,He had a physical strength in his movements and voice that Mortati had never witnessed on a Vatican altar,701,67,41.902916,12.453389,0
703,Vatican City,GPE,"By showing the cardinals, he Vatican Citywas personalizing the church",703,10,41.902916,12.453389,0
706,Vatican,FAC," 
Inside the Vatican, Gunther Glick was walking on air as he followed the camerlegno from the Sistine Chapel",706,67,41.902916,12.453389,0
708,Vatican City,GPE,".”
Glick decided it must be perpetual Christmas inside Vatican City",708,10,41.902916,12.453389,0
711,the Tiber River,LOC,".”97
T he Hassassin smiled as he pulled his van into the mammoth stone structure overlooking the Tiber River",711,542,42.2955402,12.4894408,0
712,Tiber,LOC,Far below the Tiber raged,712,712,42.2955402,12.4894408,0
714,Vatican,FAC,"After she had served him and died doing it, he would stand on the balcony and watch the midnight Vatican fireworks",714,67,41.902916,12.453389,0
715,the Church of Santa Maria Della Vittoria,FAC,".”98
T he six pompierifiremen who responded to the fire at the Church of Santa Maria Della Vittoria extinguished the bonfire with blasts of Halon gas",715,715,41.9047008,12.4943693,0
716,Vatican,FAC,"Water was cheaper, but the steam it created would have ruined the frescoes in the chapel, and the Vatican paid Roman pompieria healthy stipend for swift and prudent service in all Vatican 
-owned 
buildings",716,67,41.902916,12.453389,0
717,Vatican,FAC,"Water was cheaper, but the steam it created would have ruined the frescoes in the chapel, and the Vatican paid Roman pompieria healthy stipend for swift and prudent service in all Vatican 
-owned 
buildings",717,67,41.902916,12.453389,0
718,Vatican,FAC,"The chief called the Vatican, but all the circuits were busy",718,67,41.902916,12.453389,0
722,Vatican,FAC,He phoned on one of the Vatican’s private extensions,722,67,41.902916,12.453389,0
723,Vatican,FAC,Vatican lines are jammed,723,67,41.902916,12.453389,0
724,Vatican,FAC,"Evacuate the damn Vatican! Enough games! We lose!
Langdon suddenly realized that all of the catalysts that had been driving him-helping to save Vatican City, rescuing the four cardinals, coming face to face with the brotherhood had evaporated from his m 
he had studied for years-all of these things 
ind",724,67,41.902916,12.453389,0
725,Vatican City,GPE,"Evacuate the damn Vatican! Enough games! We lose!
Langdon suddenly realized that all of the catalysts that had been driving him-helping to save Vatican City, rescuing the four cardinals, coming face to face with the brotherhood had evaporated from his m 
he had studied for years-all of these things 
ind",725,10,41.902916,12.453389,0
726,Rome,GPE,"There was
knew, of course, the spear was pointing far beyond the wall, into the night, somewhere across Rome",726,11,41.902783500000005,12.4963655,0
729,Rome,GPE,He immediately realized he had asked the right people; the fire department’s map of Rome was as detailed as any Langdon had ever seen,729,11,41.902783500000005,12.4963655,0
730,Rome,GPE,"Finally, Langdon’s finger th 
ran out of churches and trailed off intoe suburbs of Rome",730,11,41.902783500000005,12.4963655,0
731,Rome,GPE," 
Surveying the whole of Rome, Langdon’s eyes touched down on the three churches where the first three cardinals had been killed",731,11,41.902783500000005,12.4963655,0
732,Rome,GPE,Somehow he had imagined the churches would be scattered randomly across Rome,732,11,41.902783500000005,12.4963655,0
736,Rome,GPE,"When he leaned in to examine where he had placed the final mark, Langdon was surprised to find that the fourth point lay dead center of Rome’s famed Piazza Navona",736,11,41.902783500000005,12.4963655,0
738,Rome,GPE,"sprawled across Rome in an enormous, city-wide cross",738,11,41.902783500000005,12.4963655,0
739,Rome,GPE, ’Cross Rome the mystic elements unfold ,739,11,41.902783500000005,12.4963655,0
740,Rome,GPE, ’Cross Rome ,740,11,41.902783500000005,12.4963655,0
741,Rome,GPE,"A cross!’Cross Rome the mystic elements unfold!
It was cunning wordplay",741,11,41.902783500000005,12.4963655,0
742,Piazza Navona,FAC," 
Dead center of Piazza Navona, outside the church of St",742,742,41.8991633,12.4730742,0
744,Rome,GPE,Everyone who came to Rome went to see it,744,11,41.902783500000005,12.4963655,0
748,Vatican C,GPE,"He tried to hail Vatican C 
ither
ity but heard nothing but static",748,748,41.902916,12.453389,0
750,Vatican,FAC,Vatican circuits were jammed anyway,750,67,41.902916,12.453389,0
751,Vatican City,GPE,Then he’d gone on to say that a mystery guest was coming to Vatican City to save the day,751,10,41.902916,12.453389,0
752,Rome,GPE," 
Nights in Rome, like those in the desert, can be surprisingly cool, even after a warm day",752,11,41.902783500000005,12.4963655,0
753,Rome,GPE," A cross , Langdon thought, still amazed by the arrangement of the markers across Rome",753,11,41.902783500000005,12.4963655,0
759,Rome,GPE,His work in Rome was done,759,11,41.902783500000005,12.4963655,0
761,Vatican,FAC,"Through the slits in the balustrade, Vittoria could have sworn she saw the Vatican",761,67,41.902916,12.453389,0
762,Rome,GPE,"Four markers, he thought, spread across Rome in a giant cross",762,11,41.902783500000005,12.4963655,0
763,Rome,GPE,The bird’s deceptively dark color was the result of Rome’s pollution tarnishing the original bronze,763,11,41.902783500000005,12.4963655,0
764,Rome,GPE,"All of Rome spread out before him was
",764,11,41.902783500000005,12.4963655,0
766,Santa Maria della Vittoria,GPE,"To his right, the smoking cupola of Santa Maria della Vittoria",766,689,41.9047008,12.4943693,0
767,Piazza del Popolo,FAC,"In front of him in the distance, Piazza del Popolo",767,496,41.91070379999999,12.4763579,0
769,the Tiber River,LOC,"It
stood on the banks of the Tiber River diagonally adjacent to the Vatican",769,542,42.2955402,12.4894408,0
770,Vatican,FAC,"It
stood on the banks of the Tiber River diagonally adjacent to the Vatican",770,67,41.902916,12.453389,0
771,the famous Bridge of Angels,FAC,"And as if that were not enough, leading solely and directly to the castle’s main entrance stood the famous Bridge of Angels ",771,771,41.901788,12.4664617,0
772,Vatican,FAC," 
Langdon knew through the centuries the building had been used by the Vatican as a tomb, a fortress, a papal hideout, a prison for enemies of the church, and a museum",772,67,41.902916,12.453389,0
773,Vatican,FAC,"Although the castle was property of the Vatican, it was used only sporadically, and Bernini had made numerous renovations to it over the years",773,67,41.902916,12.453389,0
774,Tiber,LOC,"Someone is up there!
“Vittoria!” he called out, unable to help himself, but his voice was swallowed by the raging Tiber behind him",774,712,42.2955402,12.4894408,0
775,Vatican,FAC," 
“Lucky bastard,” the Aussie said, gazing up at the tower, and then frowning at his obstructed view of the Vatican",775,67,41.902916,12.453389,0
781,Castle St. Angelo,FAC,"Il Passetto -The Little Passage-was a slender, three-quarter-mile tunnel built between Castle St",781,781,41.903063200000005,12.466275999999999,0
782,Vatican,FAC,Angelo and the Vatican,782,67,41.902916,12.453389,0
783,Vatican,FAC,It had been used by various Popes to escape to safety during sieges of the Vatican ,783,67,41.902916,12.453389,0
784,Vatican,FAC,Nowadays both ends of the tunnel were supposedly sealed with impenetrable locks whose keys were kept in some Vatican vault,784,67,41.902916,12.453389,0
785,Vatican,FAC,Langdon suddenly feared he knew how the Illuminati had been moving in and out of the Vatican,785,67,41.902916,12.453389,0
786,Vatican,FAC,The Illuminati meeting hall was in a building owned by the Vatican,786,67,41.902916,12.453389,0
787,Vatican,FAC,"No doubt while the Vatican guards were out searching basements and homes of well-known scientists, the Illuminati were meetinghere",787,67,41.902916,12.453389,0
788,Vatican,FAC,right under the Vatican’s nose,788,67,41.902916,12.453389,0
791,Vatican,FAC,The Vatican will pay more than the Illuminati ever could,791,67,41.902916,12.453389,0
793,Vatican City,GPE,".”
“But no one could possibly get into Vatican City right now!”
The Hassassin looked smug",793,10,41.902916,12.453389,0
794,Vatican,FAC,The only person expected at the Vatican right now was the person the press was calling the 11th Hour Samaritan-the person Rocher said had information that could save-Langdon stopped short,794,67,41.902916,12.453389,0
795,Vatican,FAC,“The Vatican will welcome Janus with open arms,795,67,41.902916,12.453389,0
797,Vatican City,GPE,"Janus coming to Vatican City on a suicidemission? A question of honor? For an inst 
s m 
ant, Langdon’ 
ind took in the entire
terrifying cycle",797,10,41.902916,12.453389,0
798,Vatican,FAC,The scream seemed to echo all the way to the Vatican,798,67,41.902916,12.453389,0
799,St. Peter’s Square,GPE,".”109
M
of S 
eanwhile, in St",799,156,41.9022225,12.456728300000002,0
800,Vatican,FAC,"The crowd was ed far 
too dense and seem more interested in the Vatican’s impending doom than in their own safety",800,67,41.902916,12.453389,0
801,Vatican,FAC,The Illuminati had no doubt expected the Vatican to be their usual reticent selves in the face of adversity,801,67,41.902916,12.453389,0
803,Rome,GPE,"Angelo, staring out across Rome, her eyes moist with tears",803,11,41.902783500000005,12.4963655,0
804,Vatican,FAC,She was staring out toward the Vatican,804,67,41.902916,12.453389,0
805,St. Peter’s Square,GPE,"To her shock, much of St",805,156,41.9022225,12.456728300000002,0
806,Vatican City,GPE," 
“Nobody in Vatican City knows,” Langdon said",806,10,41.902916,12.453389,0
808,Vatican City,GPE,"It thundered fifty feet above them, on a beeline for Vatican City",808,10,41.902916,12.453389,0
810,Vatican,FAC,"Against the white marble, she could see a tiny
speck of a person emerge from the Vatican and move toward the chopper",810,67,41.902916,12.453389,0
811,the Apostolic Palace,FAC,"Rocher
year’s worth of cancer res 
led Kohler up a handicapped ramp on a circuitous route into the Apostolic Palace",811,811,41.9035313,12.4561705,0
816,Vatican City,GPE,"“Hav 
e to make me a martyr?”112
A ll the while, the narrow tunnel called Il Passettostretched out before Langdon and Vittoria as they dashed toward Vatican City",816,10,41.902916,12.453389,0
817,Vatican City,GPE,"There, the tunnel leveled out and began its secret course toward Vatican City",817,10,41.902916,12.453389,0
818,Vatican,FAC,Maybe Kohler gambled that the Vatican would keep the antimatter a secret-refusing to empower the Illuminati by confirming the weapon’s existence,818,67,41.902916,12.453389,0
819,Vatican,FAC,"Kohler expected the Vatican to be their usual tight-lipped selves about the threat, but the camerlegno changed the rules",819,67,41.902916,12.453389,0
821,Vatican City,GPE,"His credentials and publications had been quoted all night by the media, and as ridicul 
ous as it was, the presence of a Harvard 
professor in Vatican City had somehow raised the whole emergency beyond the scope of paranoid delusion and convinced skeptics around the world that the Illuminati brotherhood was not only a historical fact, but a force to be reckoned with",821,10,41.902916,12.453389,0
824,Vatican City,GPE,"Peter’s
Square faded behind them now, and Langdon sensed they had passed through the outer wall of Vatican City",824,10,41.902916,12.453389,0
825,Vatican,FAC,"He wondered where inside the Vatican this ge would
ancient passa 
conclude",825,67,41.902916,12.453389,0
826,Vatican,FAC,"The private meeting they were shielding, Rocher had said, could save the Vatican from destruction",826,67,41.902916,12.453389,0
828,Vatican City,GPE,"A crippled scientist, in a final act of symbolic dominance, had flown into Vatican City and branded the church’s highest official",828,10,41.902916,12.453389,0
830,Vatican,FAC,"Peter’s Square, the Swiss Guard pilot sat in the cockpit of the parked Vatican helicopter and rubbed his temples",830,67,41.902916,12.453389,0
831,Vatican,FAC," 
A new clamor arose from the crowd, and the pilot looked over to see a line of cardinals processing solemnly out of the Vatican onto St",831,67,41.902916,12.453389,0
833,ter’s Square,FAC,"Pe 
ter’s Square",833,833,41.9022225,12.456728300000002,0
835,St. Peter’s Basilica,GPE,when Langdon stepped with the others from St,835,149,41.9021667,12.4539367,0
836,Vatican,FAC,"As if connected by some sort of universal consciousness, every last me i 
dia screen in the p azza
cut away from their countdown clocks and
itting
their Vatican experts and began transm 
the same footag picture-a jiggling action 
e swooping up the Vatican stairs",836,67,41.902916,12.453389,0
838,Vatican,FAC,"As if connected by some sort of universal consciousness, every last me i 
dia screen in the p azza
cut away from their countdown clocks and
itting
their Vatican experts and began transm 
the same footag picture-a jiggling action 
e swooping up the Vatican stairs",838,67,41.902916,12.453389,0
840,St. Peter’s Square,GPE," 117
R obert Langdon had little doubt that the chaos and hysteria coursing through St",840,156,41.9022225,12.456728300000002,0
841,Vatican Hill,FAC,Peter’s Square at this very instant exceeded anything Vatican Hill had ever witnessed,841,841,41.903611,12.450277999999999,0
842,Vatican,FAC,The countdown clock registering the final twenty minutes of Vatican history ,842,67,41.902916,12.453389,0
844,St. Peter’s Basilica,GPE," 
With a final joyous exultation, the camerlegno turned and dashed back into St",844,149,41.9021667,12.4539367,0
845,St. Peter’s Basilica,GPE," 
The main aisle of St",845,149,41.9021667,12.4539367,0
847,Vatican,FAC,Langdon understood; had read enough about Vatican architecture to know what lay beneath that grate,847,67,41.902916,12.453389,0
851,Vatican Hill-Peter,FAC,"On this very location, Langdon realized-Vatican Hill-Peter had been crucified and buried",851,851,41.9021667,12.4539367,0
858,Vatican,FAC,"Was Kohler’s loathing really this profound? Destruction of the Vatican? Hiring an assassin? The murders of her father, the Pope, and four cardinals? It seemed unthinkable",858,67,41.902916,12.453389,0
859,Vatican,FAC,"And how had Kohler ma 
naged all this treachery within 
the Vatican walls? Rocher was Kohler’s inside man , Vittoria told herself",859,67,41.902916,12.453389,0
863,Vatican,FAC,Peter’s tomb-a highly restricted locale-and then commanded his guards not to waste time searching the Vatican’s restricted areas,863,67,41.902916,12.453389,0
865,Vatican City,GPE,"“You don’t understand!” Vittori 
pictured the multitudes of people surrounding Vatican City, and her blood ran cold",865,10,41.902916,12.453389,0
869,Vatican City,GPE,"Nine minutes is not enough time to get the hell out ofno is wrong Vatican City if the camerleg 
",869,10,41.902916,12.453389,0
870,Vatican Hill,FAC,He was running up the original Vatican Hill! Langdon had heard Vatican scholars claim that St,870,841,41.903611,12.450277999999999,0
871,Vatican,FAC,He was running up the original Vatican Hill! Langdon had heard Vatican scholars claim that St,871,67,41.902916,12.453389,0
873,Vatican Hill,FAC,"Peter’s tomb was near the topof Vatican Hill, and he had always wondered how they knew",873,841,41.903611,12.450277999999999,0
879,St. Peter’s Basilica,GPE," 121
T he camerlegno erupted through the doors of St",879,149,41.9021667,12.4539367,0
885,Vatican,FAC," We’re still over the Vatican!
“Camerlegno!” Langdon choked",885,67,41.902916,12.453389,0
886,Vatican City,GPE,"“Go forward! We’re high enough! You’ve got to start moving forward! We can’t drop the canister back over Vatican City!”
The camerlegno did not reply",886,10,41.902916,12.453389,0
887,Vatican City,GPE,He was simply getting it as far away from Vatican City as humanly possible,887,10,41.902916,12.453389,0
889,Vatican City,GPE," 
High above Vatican City, a pinpoint of light appeared in the sky",889,10,41.902916,12.453389,0
890,Rome,GPE,"For that instant, a perfect and silent sphere of light glowed over Rome",890,11,41.902783500000005,12.4963655,0
891,Vatican City,GPE,"It descended on them like the wrath of hell, shaking the granite foundation of Vatican City, knocking the breath out of people’s lungs, sending others stumbling backward",891,10,41.902916,12.453389,0
892,Castle St. Angelo,FAC," 
He had come for her at Castle St",892,781,41.903063200000005,12.466275999999999,0
896,St. Peter’s Square,GPE," 
The silence of St",896,156,41.9022225,12.456728300000002,0
897,St. Peter’s Basilica,GPE,"Everyone was pointing behind him 
toward the front of St",897,149,41.9021667,12.4539367,0
898,Rome,GPE,"Beyond the open door, the lights of Rome looked farther away with every passing second",898,11,41.902783500000005,12.4963655,0
900,Rome,GPE,"He raced 
in theto the open doorway of the chopper and stood
raging wind, gazing down at the lights of Rome below",900,11,41.902783500000005,12.4963655,0
901,Rome,GPE," 
Beneath him, the lights of Rome spread out in all directions",901,11,41.902783500000005,12.4963655,0
902,Tiber River,LOC,the thankfulness that the winding Tiber River was raging ,902,148,42.2955402,12.4894408,0
904,Rome,GPE,The sky above Rome had been filled with sights tonight ,904,11,41.902783500000005,12.4963655,0
905,the Tiber River,LOC,"a skyrocketing helicopter, an enormous explosion, and now this stra d
nge object that ha 
plummeted into the churning waters of the Tiber River, directly off the shore of the river’s tiny island, Isola Tiberina",905,542,42.2955402,12.4894408,0
906,Rome,GPE,"For this reason, the island had later become the site for Rome’s Hospital Tiberina",906,11,41.902783500000005,12.4963655,0
911,St. Peter’s Basilica,GPE,"Is this really happening?
Camerlegno Carlo Ventresca stood on the rooftop terrace of St",911,149,41.9021667,12.4539367,0
912,St. Peter’s Basilica,GPE,"alighting like a silent angel on the deserted lawns, his black parachute shrouded from the madness by the towering shadow of St",912,149,41.9021667,12.4539367,0
913,Vatican City,GPE,"And yet, the events in Vatican City tonight had put his systematic logic to the test",913,10,41.902916,12.453389,0
914,the Tiber River,LOC,Jacobus felt the pulse of the bedraggled man they had just pulled from the Tiber River,914,542,42.2955402,12.4894408,0
915,Rome,GPE," American? Roma joked that Am 
ns often 
ericans had gotten so abundant in Rome that
hamburgers should become the official Italian food",915,11,41.902783500000005,12.4963655,0
916,Vatican,FAC,"Langdon,
the Vatican",916,67,41.902916,12.453389,0
918,Vatican,FAC,Apparently Camerlegno Ventresca had just miraculously appeared on the roof of the Vatican,918,67,41.902916,12.453389,0
919,Vatican City,GPE,I am going to Vatican City,919,10,41.902916,12.453389,0
921,Vatican,FAC,The doctor had assured Langdon she would get him to the Vatican in record time,921,67,41.902916,12.453389,0
922,Vatican,FAC," “Molto traffico,” Langdon said, reminding her that the area around the Vatican was packed with cars and people",922,67,41.902916,12.453389,0
923,Vatican City,GPE,“Fly Vatican City,923,10,41.902916,12.453389,0
929,Vatican City,GPE," 
Hospital Tiberina’s twin r 
- otor Aero-Ambulanzacircled in behind Vatican City, and Langdon clenched his teeth, swearing to God this was the very last helicopter ride of his life",929,10,41.902916,12.453389,0
930,Vatican,FAC," 
After convincing the pilot that the rules governing Vatican airspace were the least of the Vatican’s concerns right now, he guided her in, unseen, over the rear wall, and landed them on the Vatican’s helipad",930,67,41.902916,12.453389,0
931,Vatican,FAC," 
After convincing the pilot that the rules governing Vatican airspace were the least of the Vatican’s concerns right now, he guided her in, unseen, over the rear wall, and landed them on the Vatican’s helipad",931,67,41.902916,12.453389,0
932,Vatican,FAC," 
After convincing the pilot that the rules governing Vatican airspace were the least of the Vatican’s concerns right now, he guided her in, unseen, over the rear wall, and landed them on the Vatican’s helipad",932,67,41.902916,12.453389,0
939,Vatican,FAC," 
“Leonardo came to the Vatican in great
ughter’s
secrecy",939,67,41.902916,12.453389,0
940,Vatican City,GPE,You returned to Vatican City to report to the Pope what you had witnessed,940,10,41.902916,12.453389,0
956,Vatican,FAC,"Mortati had no way of knowing, but the brands had been confiscated by the Vatican over a century ago",956,67,41.902916,12.453389,0
957,Rome,GPE,"In addition to these, the camerlegno had found the Illuminati Collection-all the secrets the church had uncovered after banishing the group from Rome ",957,11,41.902783500000005,12.4963655,0
958,Vatican,FAC,"the cunning deceit of the Vatican’s head artist, Bernini ",958,67,41.902916,12.453389,0
960,Vatican,FAC,Europe’s top scientists mocking religion as they secretly assembled in the Vatican’s own Castle St,960,67,41.902916,12.453389,0
961,Castle St. Angelo,FAC,Europe’s top scientists mocking religion as they secretly assembled in the Vatican’s own Castle St,961,781,41.903063200000005,12.466275999999999,0
963,Vatican,FAC,This was a part of Vatican history the ancients thought best forgotten,963,67,41.902916,12.453389,0
964,Vatican,FAC,"“You risked destroying the Vatican!”
“There is no risk when God is at your side,” the camerlegno said",964,67,41.902916,12.453389,0
967,Vatican,FAC,"He even suggested the Vatican fundfVetra’s work as a gesture o 
goodwill toward spiritually based scientific research",967,67,41.902916,12.453389,0
973,Vatican,FAC,"The infamous
“Devil’s Advocate” was theauthority when it came to scandalous information inside the Vatican",973,67,41.902916,12.453389,0
979,Vatican,FAC," 
It was raining the morning the Vatican staff banged on the camerlegno’s door, awakening him from a fitful sleep",979,67,41.902916,12.453389,0
980,St. Peter’s Basilica,GPE," 
The camerlegno staggered now through the dark 
e 
ness of St",980,149,41.9021667,12.4539367,0
986,Vatican City,GPE,Mortati was about to demand a full-scale search of Vatican City when a roar of jubilation erupted outside in St,986,10,41.902916,12.453389,0
990,St. Peter’s Square,GPE," 
They were singing in St",990,156,41.9022225,12.456728300000002,0
991,Vatican City,GPE,All that was left was a cloud of smoke spiraling skyward over Vatican City,991,10,41.902916,12.453389,0
992,Rome,GPE," 135
D awn came late to Rome",992,11,41.902783500000005,12.4963655,0
993,St. Peter’s Square,GPE," 
An early rainstorm had washed the crowds from St",993,156,41.9022225,12.456728300000002,0
994,Vatican,FAC,"Thus far, the Vatican had remained silent, issuing no statement whatsoever",994,67,41.902916,12.453389,0
995,the Vatican Grottoes,FAC," 
Deep in the Vatican Grottoes 
s",995,662,41.9021667,12.4539367,0
1000,the Apostolic Palace,FAC,A fellow cardinal emerged from the Apostolic Palace and strode beside him,1000,811,41.9035313,12.4561705,0
1003,St. Peter’s Square,GPE," 
Far below, in St",1003,156,41.9022225,12.456728300000002,0
1005,Vatican City,GPE," 
“Live from Vatican City,” Glick announced on cue, “this is Gunther Glick reporting",1005,10,41.902916,12.453389,0
1007,Vatican City,GPE," 
nine-year-old progressive, has just been elected the next Pope of Vatican City",1007,10,41.902916,12.453389,0
1008,Vatican City,GPE," 
Other casualties include Leonardo Vetra, the renowned CERN physicist and pioneer of antimatter technology, as well as Maximilian Kohler, the director of CERN, who apparently came to Vatican City in an effort to help but reportedly passed away in the process",1008,10,41.902916,12.453389,0
1009,Vatican,GPE," 
“And in the wake of the e 
Vatican last night, CERN’s
xplosion in the sky over the
antimatter technology has become the 
tists, sparking excitem hot topic among scien 
ent
and controversy",1009,67,41.902916,12.453389,0
1011,Vatican City,GPE," 
“Notably absent from our screens tonight,” Glick reported, “is the face of Robert Langdon, the Harvard professor who came to Vatican City yesterday to lend his expertise during this Illuminati crisis",1011,10,41.902916,12.453389,0
1013,the Tiber River,LOC,"Langdon fell out of the sky into the Tiber River shortly after midnight, was treated, and released",1013,542,42.2955402,12.4894408,0
1015,the Vatican Grottoes,FAC,"And had he not ascended miraculously into a pillar of fire, he would now be buried in the Vatican Grottoes along with the other Popes",1015,662,41.9021667,12.4539367,0
1018,Rome,GPE,there was no more fitting hotel in all of Rome,1018,11,41.902783500000005,12.4963655,0
1019,Vatican City,GPE,".”
Langdon felt a sudden anxiety, wondering if the cardinals had sent Chartrand to escort Langdon and Vittoria back to Vatican City",1019,10,41.902916,12.453389,0
1020,Vatican,FAC," 
“His Holiness asked me to give this to you,” Chartrand said, handing over an envelope sealed with the Vatican signet",1020,67,41.902916,12.453389,0
1021,St. Peter’s Square,GPE,He and Vittoria had talked about it last night as they stole away from St,1021,156,41.9022225,12.456728300000002,0
