,business_status,geometry,icon,name,opening_hours,photos,place_id,plus_code,rating,reference,scope,types,user_ratings_total,vicinity,permanently_closed
0,OPERATIONAL,"{'location': {'lat': 41.893354, 'lng': 12.475031}, 'viewport': {'northeast': {'lat': 41.8947287302915, 'lng': 12.4763976302915}, 'southwest': {'lat': 41.8920307697085, 'lng': 12.4736996697085}}}",https://maps.gstatic.com/mapfiles/place_api/icons/v1/png_71/lodging-71.png,Hotel Locanda Cairoli,{'open_now': True},"[{'height': 3120, 'html_attributions': ['<a href=""https://maps.google.com/maps/contrib/106159599141037124758"">徐一路</a>'], 'photo_reference': 'ATtYBwLRvEhPCwnBvMCsf-2d-_0rLUfN_YSAAWaXqV5PMw1s5wekSNh2nDWIMYjpp8eawKZjqZ2Jbo4hs7X7RHNZA7NhzEiCgfF383VvOZbPqQ-CHWNaYF0c5UsEDR-POc3E7lrvZE-m8AumysBhJug0dG_snoy0mnQeCGe21uhw6w1iO19q', 'width': 4160}]",ChIJSRK020hgLxMR9DoKufGRi0k,"{'compound_code': 'VFVG+82 Rome, Metropolitan City of Rome, Italy', 'global_code': '8FHJVFVG+82'}",4.0,ChIJSRK020hgLxMR9DoKufGRi0k,GOOGLE,"['lodging', 'point_of_interest', 'establishment']",100,"Piazza Benedetto Cairoli, 2, Roma",
1,OPERATIONAL,"{'location': {'lat': 41.9161915, 'lng': 12.4690313}, 'viewport': {'northeast': {'lat': 41.9175303802915, 'lng': 12.4706396302915}, 'southwest': {'lat': 41.9148324197085, 'lng': 12.4679416697085}}}",https://maps.gstatic.com/mapfiles/place_api/icons/v1/png_71/lodging-71.png,Hotel Donna Laura Palace,{'open_now': True},"[{'height': 3648, 'html_attributions': ['<a href=""https://maps.google.com/maps/contrib/105749960871536021977"">Hotel Donna Laura Palace</a>'], 'photo_reference': 'ATtYBwKzyn7pizbCd4d-FXlt4Mglh9wQItYgd1JweOe3LwzuPhDRHv-4WOUHsL0oK_MyOKsKKjhjHWlabtD2EIk-DnWVajJish5ka4YRZKWDeAAo2y7ZMkRZmWyBOqUkIDEtHdm7iN_X9KRrIkfRs4jld5IKGofEnT9WytACKBNpaltB4Wir', 'width': 5472}]",ChIJq7aqHfFgLxMR3GhqR0oXKyk,"{'compound_code': 'WF89+FJ Rome, Metropolitan City of Rome, Italy', 'global_code': '8FHJWF89+FJ'}",4.2,ChIJq7aqHfFgLxMR3GhqR0oXKyk,GOOGLE,"['lodging', 'point_of_interest', 'establishment']",710,"Lungotevere delle Armi, 21, Roma",
2,OPERATIONAL,"{'location': {'lat': 41.89611109999999, 'lng': 12.4783333}, 'viewport': {'northeast': {'lat': 41.89738508029149, 'lng': 12.4796845302915}, 'southwest': {'lat': 41.89468711970849, 'lng': 12.4769865697085}}}",https://maps.gstatic.com/mapfiles/place_api/icons/v1/png_71/lodging-71.png,Best Pantheon B & B,,"[{'height': 599, 'html_attributions': ['<a href=""https://maps.google.com/maps/contrib/101377568283601000154"">Best Pantheon B&amp;B</a>'], 'photo_reference': 'ATtYBwJd3Pyi2aFiVgOMDcC6JXsT_atEgTSjhEbRnJBwCpIXZM0WLP1KPjT10FHeAz9m4uy0IdVRexfrw4kETbxTM1WjDh9nCOCyTfZy7oU8MlMgzZZqns48WVCZ8zxYZtNJmuqXXJ8pVQHbTTdMXdJjsaKzaXV6mDPsO_rNTnNIjsRdcVTF', 'width': 1147}]",ChIJg_6JKUxgLxMRAgnMEsQncUQ,"{'compound_code': 'VFWH+C8 Rome, Metropolitan City of Rome, Italy', 'global_code': '8FHJVFWH+C8'}",4.5,ChIJg_6JKUxgLxMRAgnMEsQncUQ,GOOGLE,"['lodging', 'point_of_interest', 'establishment']",40,"Corso Vittorio Emanuele II, 21, Roma",
3,OPERATIONAL,"{'location': {'lat': 41.90873529999999, 'lng': 12.4755789}, 'viewport': {'northeast': {'lat': 41.91002193029149, 'lng': 12.4769257302915}, 'southwest': {'lat': 41.90732396970849, 'lng': 12.4742277697085}}}",https://maps.gstatic.com/mapfiles/place_api/icons/v1/png_71/lodging-71.png,The First Roma Arte,{'open_now': True},"[{'height': 1367, 'html_attributions': ['<a href=""https://maps.google.com/maps/contrib/118348582647687187243"">The First Roma Arte</a>'], 'photo_reference': 'ATtYBwKgmn674J7i9i7_quuatldv3uVQ3zduWkSz6U8zcurKmtveUjmIA8me4P_gYyIQFztLUBjNz6KtpL4YNpozFHqX3_Di2AuG4vrmqmuAuTiE-mCvMBIipZ1dYEXaOgz2iHsH_VPKg9rTGsJJJGP_a8QclQwhfthe7trBAEiJq6LPDQaT', 'width': 2048}]",ChIJkYnSJ1ZgLxMRinaZxWR9ahk,"{'compound_code': 'WF5G+F6 Rome, Metropolitan City of Rome, Italy', 'global_code': '8FHJWF5G+F6'}",4.7,ChIJkYnSJ1ZgLxMRinaZxWR9ahk,GOOGLE,"['lodging', 'point_of_interest', 'establishment']",170,"Via del Vantaggio, 14, Roma",
4,OPERATIONAL,"{'location': {'lat': 41.9041517, 'lng': 12.4616863}, 'viewport': {'northeast': {'lat': 41.9055006802915, 'lng': 12.4630352802915}, 'southwest': {'lat': 41.9028027197085, 'lng': 12.4603373197085}}}",https://maps.gstatic.com/mapfiles/place_api/icons/v1/png_71/lodging-71.png,Trianon Borgo Pio Srl,{'open_now': True},"[{'height': 800, 'html_attributions': ['<a href=""https://maps.google.com/maps/contrib/102465805511757339232"">Aparthotel Trianon Borgo Pio</a>'], 'photo_reference': 'ATtYBwLDiw74GXZ2OIrDXVZu1N1yph8XZfUNTE6zpnzSBHG4NszEkJMVrGserxfQN79EUGuHdevnX_-QkFvuAZPpw40psEUE1ZaaQd_ELZUAK5iD6v8dAmwxyYswNh2J2j89JX_4UoIifzcgvsE-Xf1pESzxYwqeb8YMCqU_iqAbDDibTRvC', 'width': 1200}]",ChIJsfp3811gLxMRvZc9-7XeJjc,"{'compound_code': 'WF36+MM Rome, Metropolitan City of Rome, Italy', 'global_code': '8FHJWF36+MM'}",4.5,ChIJsfp3811gLxMRvZc9-7XeJjc,GOOGLE,"['lodging', 'point_of_interest', 'establishment']",529,"Piazza delle Vaschette, 13, Roma",
5,OPERATIONAL,"{'location': {'lat': 41.8993782, 'lng': 12.477542}, 'viewport': {'northeast': {'lat': 41.9007291802915, 'lng': 12.4787762302915}, 'southwest': {'lat': 41.8980312197085, 'lng': 12.4760782697085}}}",https://maps.gstatic.com/mapfiles/place_api/icons/v1/png_71/lodging-71.png,Hotel Pantheon,,"[{'height': 5184, 'html_attributions': ['<a href=""https://maps.google.com/maps/contrib/112406883203386483209"">Rebeca Guerrero Rodríguez</a>'], 'photo_reference': 'ATtYBwLTZpEeCmQJDSki1rEpE3L_gaz2xvEuhlqRES7F_O8VfvCIO3XuYYFJS_Tj9TNw7nuZRPM-iZZkueZBEcIYfElybD5PzyRfE4oC8t_wF-FiKgAIyqhivLawkG5-BqemwrSCHOD3-jk1vQLAvKWc-BivaaXco3VGqH3x1Otk1qetnD7Z', 'width': 3880}]",ChIJw8Zf5VFgLxMRHufKCSod1U4,"{'compound_code': 'VFXH+Q2 Rome, Metropolitan City of Rome, Italy', 'global_code': '8FHJVFXH+Q2'}",4.3,ChIJw8Zf5VFgLxMRHufKCSod1U4,GOOGLE,"['lodging', 'point_of_interest', 'establishment']",187,"Via dei Pastini, 131, Roma",
6,OPERATIONAL,"{'location': {'lat': 41.90928, 'lng': 12.4774351}, 'viewport': {'northeast': {'lat': 41.9106009302915, 'lng': 12.4787979302915}, 'southwest': {'lat': 41.9079029697085, 'lng': 12.4760999697085}}}",https://maps.gstatic.com/mapfiles/place_api/icons/v1/png_71/lodging-71.png,Hotel Valadier,{'open_now': True},"[{'height': 1350, 'html_attributions': ['<a href=""https://maps.google.com/maps/contrib/110664783040513073605"">Hotel Valadier</a>'], 'photo_reference': 'ATtYBwKMDOea-AeVXNqTwn_EfCT74YtGX7-8Gn-GakmnxHRX3DQoA0UFKJh-IDvBl2XVqOTb4YmoPLQPB0qGROyd9RHFVNVlSZOruMkAOYpyndJsb8QrcP0gfAUhcARAMugppPOjdxQnaT5XkA45dhROeOIXZ2OSTHZ9_Q-g2leazaYL87wC', 'width': 2024}]",ChIJlzMSsPhgLxMR2LYhl9oc1xA,"{'compound_code': 'WF5G+PX Rome, Metropolitan City of Rome, Italy', 'global_code': '8FHJWF5G+PX'}",4.2,ChIJlzMSsPhgLxMR2LYhl9oc1xA,GOOGLE,"['lodging', 'point_of_interest', 'establishment']",517,"Via della Fontanella, 15, Roma",
7,OPERATIONAL,"{'location': {'lat': 41.90613279999999, 'lng': 12.4598157}, 'viewport': {'northeast': {'lat': 41.9074146802915, 'lng': 12.4611576802915}, 'southwest': {'lat': 41.9047167197085, 'lng': 12.4584597197085}}}",https://maps.gstatic.com/mapfiles/place_api/icons/v1/png_71/lodging-71.png,Orange Hotel,{'open_now': True},"[{'height': 669, 'html_attributions': ['<a href=""https://maps.google.com/maps/contrib/115240728001951550827"">Orange Hotel</a>'], 'photo_reference': 'ATtYBwL1riyyAGPf6jpn72__qti8SPZzwKmZKKwHOvJsZcjNcyhd59Vco11ceWCt6GOcKdRU7_xXjBSSnrqtbTGapLfB-B9PwFqVeD-Qaon-jvVuGZ2pP1gSXcwzOu9z5kFf9khaHhtJPC8R8pC0y1qEtzYDqpmF1tyu3QJ8yIYlWbHm3nVR', 'width': 1000}]",ChIJn4dHtmBgLxMRn1S5aJ4OSl0,"{'compound_code': 'WF45+FW Rome, Metropolitan City of Rome, Italy', 'global_code': '8FHJWF45+FW'}",3.3,ChIJn4dHtmBgLxMRn1S5aJ4OSl0,GOOGLE,"['lodging', 'point_of_interest', 'establishment']",237,"Via Crescenzio, 86, Roma",
8,OPERATIONAL,"{'location': {'lat': 41.9102338, 'lng': 12.4575071}, 'viewport': {'northeast': {'lat': 41.9115464302915, 'lng': 12.4588711802915}, 'southwest': {'lat': 41.9088484697085, 'lng': 12.4561732197085}}}",https://maps.gstatic.com/mapfiles/place_api/icons/v1/png_71/lodging-71.png,Abc,,"[{'height': 332, 'html_attributions': ['<a href=""https://maps.google.com/maps/contrib/106684063262901271550"">Abc</a>'], 'photo_reference': 'ATtYBwKcRTXLrJ6jmr1Lof0oi-hGNJE21aCTZCEzc04Htg0CPbRbzkXFeSdXncQ6ZXhnQtaVaeXAL_pAdgxtbzAT2556Fn5CVT7qLJ0Jg742NdBBiwn_O2gysUdyVtnaptCaPjH33qFi613Z_NbttHnAQsNC4c_y2YWpNkk-chicDX3TpiCV', 'width': 500}]",ChIJkWFNxWFgLxMR2NwSoPgZJiM,"{'compound_code': 'WF65+32 Rome, Metropolitan City of Rome, Italy', 'global_code': '8FHJWF65+32'}",4.4,ChIJkWFNxWFgLxMR2NwSoPgZJiM,GOOGLE,"['lodging', 'point_of_interest', 'establishment']",32,"Via Famagosta, 4, Roma",
9,OPERATIONAL,"{'location': {'lat': 41.9102714, 'lng': 12.4641986}, 'viewport': {'northeast': {'lat': 41.91160848029151, 'lng': 12.4655007302915}, 'southwest': {'lat': 41.90891051970851, 'lng': 12.4628027697085}}}",https://maps.gstatic.com/mapfiles/place_api/icons/v1/png_71/lodging-71.png,Best Sistine B&B,,"[{'height': 1200, 'html_attributions': ['<a href=""https://maps.google.com/maps/contrib/111409772265009717536"">Best Sistine B&amp;B</a>'], 'photo_reference': 'ATtYBwKEU68PKV45ezIiwMO-qx1hYSD6rasjQAY94c8jUITa1XupIoTfQrRVz4KGGB5i2B5zWLaH4CDpRRg31k4lYg-pdyEkldp3yof3k25GfFM6oFRMxXFiIl78E0Wzu0U8fV7G7E1BOz7ulj4z-BWDB2hb3mQNTXijoKH32iWw4J0ZeM7y', 'width': 1600}]",ChIJObPJhvVgLxMRjNPKDH7UxJs,"{'compound_code': 'WF67+4M Rome, Metropolitan City of Rome, Italy', 'global_code': '8FHJWF67+4M'}",4.6,ChIJObPJhvVgLxMRjNPKDH7UxJs,GOOGLE,"['lodging', 'point_of_interest', 'establishment']",27,"Via Duilio, 6, Roma",
10,OPERATIONAL,"{'location': {'lat': 41.9057731, 'lng': 12.4614466}, 'viewport': {'northeast': {'lat': 41.9071794302915, 'lng': 12.4628031802915}, 'southwest': {'lat': 41.9044814697085, 'lng': 12.4601052197085}}}",https://maps.gstatic.com/mapfiles/place_api/icons/v1/png_71/lodging-71.png,Hotel Prati,,"[{'height': 1746, 'html_attributions': ['<a href=""https://maps.google.com/maps/contrib/110247931805977595926"">Sophie Giagheddu</a>'], 'photo_reference': 'ATtYBwKy-_M9LZDSIi_FYgbfKf4WSt0pUQYrSiTtA4Aen1CSnF_fFx_sicIvGAVpx652ca1cqCPpkIMBzvDRcQGIf7oD1d_93Ly6scEix80ETIoOI_uHm5V6lGtObjLEnkoG5AGHzgI5WuLyIYaLSxU4wsBIQFz0oD5cLPPxJSEJhHZLPNLN', 'width': 3104}]",ChIJ4-03Al5gLxMRNdObzzI1X08,"{'compound_code': 'WF46+8H Rome, Metropolitan City of Rome, Italy', 'global_code': '8FHJWF46+8H'}",4.1,ChIJ4-03Al5gLxMRNdObzzI1X08,GOOGLE,"['lodging', 'point_of_interest', 'establishment']",140,"Via Crescenzio, 89, Roma",
11,OPERATIONAL,"{'location': {'lat': 41.901674, 'lng': 12.482513}, 'viewport': {'northeast': {'lat': 41.9030011802915, 'lng': 12.4839333302915}, 'southwest': {'lat': 41.9003032197085, 'lng': 12.4812353697085}}}",https://maps.gstatic.com/mapfiles/place_api/icons/v1/png_71/lodging-71.png,Hotel Delle Nazioni,{'open_now': True},"[{'height': 1366, 'html_attributions': ['<a href=""https://maps.google.com/maps/contrib/105010064506496819479"">Hotel Delle Nazioni</a>'], 'photo_reference': 'ATtYBwKKgVOwX0UXnQsysMR47TSH8u6HU9p1JOH9V-sf1u76phWMWf6WUt0vbk9n6PfIUDGdWuWvjgRGQvd7WgILqK44IblIB7e4slS_fI0jA1a6GHhkmYFH_4rucKj8erIxU2L1eYr-a4kucF1gmiK7zbeXDt8Dw7QYaHZX1kFj6i0LG3v0', 'width': 2048}]",ChIJ6bf9P1NgLxMRfPF78oO_Nag,"{'compound_code': 'WF2M+M2 Rome, Metropolitan City of Rome, Italy', 'global_code': '8FHJWF2M+M2'}",4.2,ChIJ6bf9P1NgLxMRfPF78oO_Nag,GOOGLE,"['lodging', 'bar', 'point_of_interest', 'establishment']",504,"Via Poli, 6, Roma",
12,OPERATIONAL,"{'location': {'lat': 41.8947015, 'lng': 12.4521733}, 'viewport': {'northeast': {'lat': 41.89615088029149, 'lng': 12.4535129802915}, 'southwest': {'lat': 41.8934529197085, 'lng': 12.4508150197085}}}",https://maps.gstatic.com/mapfiles/place_api/icons/v1/png_71/lodging-71.png,Hotel Alessandrino,{'open_now': True},"[{'height': 1152, 'html_attributions': ['<a href=""https://maps.google.com/maps/contrib/101372368129778330469"">Hotel Alessandrino</a>'], 'photo_reference': 'ATtYBwJ2hYPcQweJmfDvF9342XrO3QseymCUY5IKZZHROd1TMsQrtlcXej8nQkt2ZxT4YhuMm8yLXHv75afTBTEIUFAjHWu58Y_5Kw6givQnHcilmw4SWpSoRBSU3kiHXpYaZRDw3F0Y1wHa6RmLk5Abru_ox_6TbUHV6B4avpevM1tcSZUM', 'width': 2048}]",ChIJizbKsm1gLxMR5jHzSnlPIew,"{'compound_code': 'VFV2+VV Rome, Metropolitan City of Rome, Italy', 'global_code': '8FHJVFV2+VV'}",3.7,ChIJizbKsm1gLxMR5jHzSnlPIew,GOOGLE,"['lodging', 'point_of_interest', 'establishment']",210,"Via Clemente Alessandrino, 9, Roma",
13,OPERATIONAL,"{'location': {'lat': 41.9069303, 'lng': 12.4656925}, 'viewport': {'northeast': {'lat': 41.9082642302915, 'lng': 12.4669790302915}, 'southwest': {'lat': 41.9055662697085, 'lng': 12.4642810697085}}}",https://maps.gstatic.com/mapfiles/place_api/icons/v1/png_71/lodging-71.png,Hotel NH Collection Roma Giustiniano,{'open_now': True},"[{'height': 3737, 'html_attributions': ['<a href=""https://maps.google.com/maps/contrib/116488450505583714392"">Hotel NH Collection Roma Giustiniano</a>'], 'photo_reference': 'ATtYBwLJsDUkyZDua6Vj65LoMCKaZs_FfN8jRcfRI4ft3yzJ3BXZtFosC6jzyH5XTKDfAgAhxchzlYoqSycJlcQq_ojqcz7n8pmy-n-J5XQV5SqEu4l9kqXg45mKKO-zq76pQkTjOBGapkztzsWj7XVD--IZAZMU88MFqd5rQ1MOeEU7NFqp', 'width': 5600}]",ChIJlXhv215gLxMRqdJdqrFjI_4,"{'compound_code': 'WF48+Q7 Rome, Metropolitan City of Rome, Italy', 'global_code': '8FHJWF48+Q7'}",4.3,ChIJlXhv215gLxMRqdJdqrFjI_4,GOOGLE,"['lodging', 'point_of_interest', 'establishment']",1001,"Via Virgilio, 1 E/F/G, Roma",
14,OPERATIONAL,"{'location': {'lat': 41.9105885, 'lng': 12.4654565}, 'viewport': {'northeast': {'lat': 41.9119219802915, 'lng': 12.4667581302915}, 'southwest': {'lat': 41.9092240197085, 'lng': 12.4640601697085}}}",https://maps.gstatic.com/mapfiles/place_api/icons/v1/png_71/lodging-71.png,San Valentino,{'open_now': True},"[{'height': 3000, 'html_attributions': ['<a href=""https://maps.google.com/maps/contrib/101994661823801002242"">Hotel San Valentino</a>'], 'photo_reference': 'ATtYBwIjrYDL8umY8mJZpDmSXjjDSFSvb1Z9s2fTftx2yPNtlNs2ULqo2AhTcoh_MJu-bVbbVQKYDoQ9s-vdbrG6qtOqXgDtxMzQjfOiTuzTs5cxslaEBVqw3HdASzbXzFHt1Vba-CX1rfWoO0h8QipRGvcS6gkoZuXSdRUwjY5V5__Wxh0b', 'width': 4500}]",ChIJozhDk_VgLxMRVKBRbsveRiM,"{'compound_code': 'WF68+65 Rome, Metropolitan City of Rome, Italy', 'global_code': '8FHJWF68+65'}",3.9,ChIJozhDk_VgLxMRVKBRbsveRiM,GOOGLE,"['lodging', 'point_of_interest', 'establishment']",411,"Via Ezio, 55, Roma",
15,OPERATIONAL,"{'location': {'lat': 41.893246, 'lng': 12.4718459}, 'viewport': {'northeast': {'lat': 41.89476558029149, 'lng': 12.4735494302915}, 'southwest': {'lat': 41.89206761970849, 'lng': 12.4708514697085}}}",https://maps.gstatic.com/mapfiles/place_api/icons/v1/png_71/lodging-71.png,Hotel Ponte Sisto,{'open_now': True},"[{'height': 683, 'html_attributions': ['<a href=""https://maps.google.com/maps/contrib/107796658294368004625"">Hotel Ponte Sisto</a>'], 'photo_reference': 'ATtYBwIcjF8v0GFlC6pBgWbImFYAOFtjVIc-X6GjmDddoNX9IlvhNkGA7XimPjzFBNEPxDmv6h1bIJ4YgE5gaZ4wEBPFmw1SBl445mu7bZiMWXZexN0vDYVpNhdm00pJeGcMaLH9IH5nJNxao6Er-oK_ENCCb9IG4XYK7Ubiq3L1etngYWuu', 'width': 1024}]",ChIJBw_DIkZgLxMRdvXKaRELZvM,"{'compound_code': 'VFVC+7P Rome, Metropolitan City of Rome, Italy', 'global_code': '8FHJVFVC+7P'}",4.4,ChIJBw_DIkZgLxMRdvXKaRELZvM,GOOGLE,"['lodging', 'point_of_interest', 'establishment']",531,"Via dei Pettinari, 64, Roma",
16,OPERATIONAL,"{'location': {'lat': 41.9114386, 'lng': 12.4675826}, 'viewport': {'northeast': {'lat': 41.91276453029149, 'lng': 12.4688624802915}, 'southwest': {'lat': 41.91006656970849, 'lng': 12.4661645197085}}}",https://maps.gstatic.com/mapfiles/place_api/icons/v1/png_71/lodging-71.png,Hotel Farnese,{'open_now': True},"[{'height': 1363, 'html_attributions': ['<a href=""https://maps.google.com/maps/contrib/117965785785929763201"">Hotel Farnese</a>'], 'photo_reference': 'ATtYBwKbbOakvYrcZZfo0LfF9AVtSrnn6UfNQ4ei7j8o9Gg7cplfSyopbgtR2eriwJbKqo8JgpWzcQ185eHmNCVINvPe-iX22Ys1R2YXJs3P58v3O31js4d35rJSf__x-cN-xicQGV0pYf7dZ_1MmGRPTdhK0XC4owXRk3HghAka_zQfaKZB', 'width': 2048}]",ChIJOVlOZfZgLxMRg1mlWSJb36c,"{'compound_code': 'WF69+H2 Rome, Metropolitan City of Rome, Italy', 'global_code': '8FHJWF69+H2'}",4.3,ChIJOVlOZfZgLxMRg1mlWSJb36c,GOOGLE,"['lodging', 'point_of_interest', 'establishment']",200,"Via Alessandro Farnese, 30, Roma",
17,OPERATIONAL,"{'location': {'lat': 41.90738459999999, 'lng': 12.4782277}, 'viewport': {'northeast': {'lat': 41.9087348802915, 'lng': 12.4795760802915}, 'southwest': {'lat': 41.9060369197085, 'lng': 12.4768781197085}}}",https://maps.gstatic.com/mapfiles/place_api/icons/v1/png_71/lodging-71.png,Mozart Hotel Rome,,"[{'height': 2322, 'html_attributions': ['<a href=""https://maps.google.com/maps/contrib/112773004459110872067"">Britt Simonsen</a>'], 'photo_reference': 'ATtYBwLFKhinTzZr_ktNt7lAnY5apl9eEb_3j-082uR3r6V4WEv1hyigwgmN825Qhi8OAGrvevJVPLRz_onHdMGlDR2uiVi9nReaSHF8D8OQq1wxswJwXlZYSOcCPbhGccBlJnycLJPuFX23RDwNLvKHzJn-RRumYFLdji_Lbas3ZL6a-4jB', 'width': 4128}]",ChIJMd3UClZgLxMR7-KtXbehSpM,"{'compound_code': 'WF4H+X7 Rome, Metropolitan City of Rome, Italy', 'global_code': '8FHJWF4H+X7'}",4.2,ChIJMd3UClZgLxMR7-KtXbehSpM,GOOGLE,"['lodging', 'point_of_interest', 'establishment']",497,"Via dei Greci, 23, Roma",
18,OPERATIONAL,"{'location': {'lat': 41.8976928, 'lng': 12.4769816}, 'viewport': {'northeast': {'lat': 41.89908758029149, 'lng': 12.4780492802915}, 'southwest': {'lat': 41.89638961970849, 'lng': 12.4753513197085}}}",https://maps.gstatic.com/mapfiles/place_api/icons/v1/png_71/lodging-71.png,Albergo Santa Chiara,,"[{'height': 3120, 'html_attributions': ['<a href=""https://maps.google.com/maps/contrib/109558696621349279369"">JoseLuis Ortega</a>'], 'photo_reference': 'ATtYBwK3FalHrxwGF11EK6z5XJn5QZMD8z_O8R6kFsCQCQbSAgyEfGaTTyKBWgE4F6UxI0ekNp8i8r6UszMk5URh5FJE9xWnnbe42WpGMQYtNGXmsuU9I2SgPmAvsMJxJ3sUpJRnsM0wbyJma35Fujki68IKWxHvPrpIBFvOJE1PhgjKJvVf', 'width': 3120}]",ChIJYf3VFE5gLxMRmEV95e_puOw,"{'compound_code': 'VFXG+3Q Rome, Metropolitan City of Rome, Italy', 'global_code': '8FHJVFXG+3Q'}",4.4,ChIJYf3VFE5gLxMRmEV95e_puOw,GOOGLE,"['lodging', 'point_of_interest', 'establishment']",235,"Via di S. Chiara, 21, Roma",
19,OPERATIONAL,"{'location': {'lat': 41.90398200000001, 'lng': 12.4848052}, 'viewport': {'northeast': {'lat': 41.90533098029151, 'lng': 12.4861541802915}, 'southwest': {'lat': 41.90263301970851, 'lng': 12.4834562197085}}}",https://maps.gstatic.com/mapfiles/place_api/icons/v1/png_71/lodging-71.png,Hotel Pincio,{'open_now': True},"[{'height': 1335, 'html_attributions': ['<a href=""https://maps.google.com/maps/contrib/111790127765297969236"">Hotel Pincio</a>'], 'photo_reference': 'ATtYBwLCcN2bUlJqurVXVNcWPpwzrQmmBk2K2hURHuG2jeJG3wW12UdiHjM5mfLXdLRKGH5VqF4I3gQGUlG5zw9YY9zt4-Dd15TWx41UytGBMqoA_WY4zVn8kvibhyaUXIcfvC55SMIRV9hW2HZuJ1FjIbuIJq1Zb3ZMft8C_dzu_MMFX8gW', 'width': 2000}]",ChIJNfsjR6thLxMRMESx6XJMNGE,"{'compound_code': 'WF3M+HW Rome, Metropolitan City of Rome, Italy', 'global_code': '8FHJWF3M+HW'}",4.2,ChIJNfsjR6thLxMRMESx6XJMNGE,GOOGLE,"['lodging', 'point_of_interest', 'establishment']",93,"Via di Capo le Case, 50, Roma",
0,OPERATIONAL,"{'location': {'lat': 41.897611, 'lng': 12.478268}, 'viewport': {'northeast': {'lat': 41.8989973302915, 'lng': 12.4796402802915}, 'southwest': {'lat': 41.8962993697085, 'lng': 12.4769423197085}}}",https://maps.gstatic.com/mapfiles/place_api/icons/v1/png_71/lodging-71.png,Pantheon Inn,{'open_now': True},"[{'height': 2080, 'html_attributions': ['<a href=""https://maps.google.com/maps/contrib/115529152205585728342"">מנחם שטרק</a>'], 'photo_reference': 'ATtYBwIczrBrpghUzYuTxvR7ew2ZhuTQ5iVM_inGfheEYfjKkdnsz07vP86ChhGXTg5O7MPrZ7WwlkcWNuO_0Ynqf9EBiBMMYVH4BUwmjg4cj4LRx-bg7gF4-Ya61FJ9bKRrtYQtyteJhGtGGefo8X0MJe0-KtcZ3DJr-iRL63zVzZVfwxgE', 'width': 4160}]",ChIJb_BPCk5gLxMRFlssGtdLyas,"{'compound_code': 'VFXH+28 Rome, Metropolitan City of Rome, Italy', 'global_code': '8FHJVFXH+28'}",4.0,ChIJb_BPCk5gLxMRFlssGtdLyas,GOOGLE,"['lodging', 'point_of_interest', 'establishment']",186,"Via Santa Caterina da Siena, 57, Roma",
1,OPERATIONAL,"{'location': {'lat': 41.9139, 'lng': 12.4642778}, 'viewport': {'northeast': {'lat': 41.9153023302915, 'lng': 12.4657889302915}, 'southwest': {'lat': 41.9126043697085, 'lng': 12.4630909697085}}}",https://maps.gstatic.com/mapfiles/place_api/icons/v1/png_71/lodging-71.png,Ferrari Home B & B-GuestHouse,{'open_now': False},"[{'height': 3456, 'html_attributions': ['<a href=""https://maps.google.com/maps/contrib/108836298568943950777"">Ferrari Home B&amp;B-GuestHouse</a>'], 'photo_reference': 'ATtYBwIDZQVIfIOkzFVjCkJmRUhk6P2kSNlHhj8Q3LiVHWQTAhGsB1DxOu4VMHRv0WrOjJsGLs7Jh4_DVVSAd3pfHrwJYSwGbtSwRryzPQNCl0kZnGxOzdafhnHR2Nhb-pJQ_P-yiY4SXfWRoRiffrKCXN_IpEOEIGUls0Tdn5YX-ReuKCxl', 'width': 5184}]",ChIJz72OaPRgLxMRqgLQgKI_3Vs,"{'compound_code': 'WF77+HP Rome, Metropolitan City of Rome, Italy', 'global_code': '8FHJWF77+HP'}",4.3,ChIJz72OaPRgLxMRqgLQgKI_3Vs,GOOGLE,"['lodging', 'point_of_interest', 'establishment']",29,"Via Giuseppe Ferrari, 11, Roma",
2,OPERATIONAL,"{'location': {'lat': 41.9069493, 'lng': 12.4604389}, 'viewport': {'northeast': {'lat': 41.90823123029151, 'lng': 12.4618180802915}, 'southwest': {'lat': 41.90553326970851, 'lng': 12.4591201197085}}}",https://maps.gstatic.com/mapfiles/place_api/icons/v1/png_71/lodging-71.png,Sweetdreams Hotel Inn,{'open_now': True},"[{'height': 600, 'html_attributions': ['<a href=""https://maps.google.com/maps/contrib/117284775161630095378"">B&amp;B Sweetdreams Inn</a>'], 'photo_reference': 'ATtYBwLeH7UD1EyAkUrTQHYSn5OKG6Nk1MXn9ynqifdK_WoDMMS1yXdeZ_jb2OsqguR6ZAbWJyBx8wGLxR3O1tXe1ECmFe6cmbnY0AOt0JdOvKDfpqisDkVUf5bijBA-2L41QLLaMfeTusZHHdggt04I2CUp2W8L214EOuA1JmlkdYCXPfk1', 'width': 800}]",ChIJrQ5vwx5fLxMR6gZvv8ZTZFU,"{'compound_code': 'WF46+Q5 Rome, Metropolitan City of Rome, Italy', 'global_code': '8FHJWF46+Q5'}",3.8,ChIJrQ5vwx5fLxMR6gZvv8ZTZFU,GOOGLE,"['lodging', 'point_of_interest', 'establishment']",25,"Via Cola di Rienzo, 271, Roma",
3,OPERATIONAL,"{'location': {'lat': 41.8978247, 'lng': 12.4759721}, 'viewport': {'northeast': {'lat': 41.8992127302915, 'lng': 12.4773639302915}, 'southwest': {'lat': 41.8965147697085, 'lng': 12.4746659697085}}}",https://maps.gstatic.com/mapfiles/place_api/icons/v1/png_71/lodging-71.png,Hotel Mimosa,,"[{'height': 3264, 'html_attributions': ['<a href=""https://maps.google.com/maps/contrib/105889787357141255372"">Zeeshan Momin</a>'], 'photo_reference': 'ATtYBwIRd89SN4n-n99GNlalRAy3pqtU8m8uY-nl6v0EveEJfY92RjIKQgTwq4LFdgVcEQTTgzGUd018SUm-dgsF0A-aFDEI8LgYj6x2xmWZjO31G0D3IrBDSxlJgepnWaoSZV7_B4Sle7iz3ZKAFQRNLzb6smP1OMTovEHOnRjm01GX6O0H', 'width': 4928}]",ChIJmUg_MU5gLxMRya5p5h6Ll48,"{'compound_code': 'VFXG+49 Rome, Metropolitan City of Rome, Italy', 'global_code': '8FHJVFXG+49'}",4.0,ChIJmUg_MU5gLxMRya5p5h6Ll48,GOOGLE,"['lodging', 'point_of_interest', 'establishment']",103,"Via di S. Chiara, 61, Roma",
4,OPERATIONAL,"{'location': {'lat': 41.8974762, 'lng': 12.4716969}, 'viewport': {'northeast': {'lat': 41.89864383029149, 'lng': 12.4730963302915}, 'southwest': {'lat': 41.89594586970849, 'lng': 12.4703983697085}}}",https://maps.gstatic.com/mapfiles/place_api/icons/v1/png_71/lodging-71.png,Palazzo Olivia - Rooms & Apartments,{'open_now': False},"[{'height': 1365, 'html_attributions': ['<a href=""https://maps.google.com/maps/contrib/102128174826354303641"">Palazzo Olivia - Rooms &amp; Apartments</a>'], 'photo_reference': 'ATtYBwKys3t7MuXUqqqa4YJFKgX4KKb-y2xkyduNxmvhMHbcCUrD7DZAoGgV-kSx0X8l1KsUDa5OvgTkej38Oi9PzM04jjPHbPcdRkCSXkcP641ClS5PHEOIwVAqTR3tjGlkouGxgAPFBbchQrUL7pw7v7TnCF4nQJ2aqVlxUxaIpE87gXbn', 'width': 2048}]",ChIJp08BekVgLxMRYD1_xUJv9W0,"{'compound_code': 'VFWC+XM Rome, Metropolitan City of Rome, Italy', 'global_code': '8FHJVFWC+XM'}",4.3,ChIJp08BekVgLxMRYD1_xUJv9W0,GOOGLE,"['lodging', 'point_of_interest', 'establishment']",95,"Via dei Leutari, 15, Roma",
5,OPERATIONAL,"{'location': {'lat': 41.900327, 'lng': 12.46873}, 'viewport': {'northeast': {'lat': 41.9019957802915, 'lng': 12.4703431302915}, 'southwest': {'lat': 41.8992978197085, 'lng': 12.4676451697085}}}",https://maps.gstatic.com/mapfiles/place_api/icons/v1/png_71/lodging-71.png,Relais Palazzo Taverna,,"[{'height': 1836, 'html_attributions': ['<a href=""https://maps.google.com/maps/contrib/112629431504950318473"">Галя Хохленко</a>'], 'photo_reference': 'ATtYBwKRTGljwK1asWAiXb5Eyj8N5c3d1V24b1dmUsydU14ouA4mx1cjyAT0TWcMEFOB_jfR7y-Pt06NNDZZlrH-Ez_B8QFFYtp0t3W1TMXK0D6tigLD7P1iPMYKddy9zCaF8_Lz0MvjNa0qQ2luQFB5sc07oxsBTgJK3NsEIaSvYJlW3sO1', 'width': 3264}]",ChIJA2YVJVtgLxMRDDZgfK9goC8,"{'compound_code': 'WF29+4F Rome, Metropolitan City of Rome, Italy', 'global_code': '8FHJWF29+4F'}",4.4,ChIJA2YVJVtgLxMRDDZgfK9goC8,GOOGLE,"['lodging', 'point_of_interest', 'establishment']",90,"Via Gabrielli, 92, Roma",
6,OPERATIONAL,"{'location': {'lat': 41.91058049999999, 'lng': 12.4659242}, 'viewport': {'northeast': {'lat': 41.9118846302915, 'lng': 12.4672931802915}, 'southwest': {'lat': 41.9091866697085, 'lng': 12.4645952197085}}}",https://maps.gstatic.com/mapfiles/place_api/icons/v1/png_71/lodging-71.png,Hotel Gerber Rome,{'open_now': True},"[{'height': 596, 'html_attributions': ['<a href=""https://maps.google.com/maps/contrib/115778470640445018479"">Hotel Gerber Roma</a>'], 'photo_reference': 'ATtYBwKh3K5B6EYcebC-MHAYvB1-NZsdNWOHvv6qVAiwrUrOIpIRpNpEX2JSeQExm4MYTZZrcXffECcVWqmCtBs53doH-NcTfwVfVcyE9US8GY35GQek-4y6TjmMNmZkWzmG5CeVJf_7O557c9h0dFPsFRGvhjucQtp95cBd6_WIIERZY_8p', 'width': 1024}]",ChIJHRF27_VgLxMRSV_tcmaRw5k,"{'compound_code': 'WF68+69 Rome, Metropolitan City of Rome, Italy', 'global_code': '8FHJWF68+69'}",4.3,ChIJHRF27_VgLxMRSV_tcmaRw5k,GOOGLE,"['lodging', 'point_of_interest', 'establishment']",120,"Via degli Scipioni, 241, Roma",
7,OPERATIONAL,"{'location': {'lat': 41.9073704, 'lng': 12.4809598}, 'viewport': {'northeast': {'lat': 41.90871748029149, 'lng': 12.4823055802915}, 'southwest': {'lat': 41.9060195197085, 'lng': 12.4796076197085}}}",https://maps.gstatic.com/mapfiles/place_api/icons/v1/png_71/lodging-71.png,Hotel Manfredi,{'open_now': True},"[{'height': 536, 'html_attributions': ['<a href=""https://maps.google.com/maps/contrib/113629815552283048143"">Hotel Manfredi Suite Rome</a>'], 'photo_reference': 'ATtYBwJpgY404dLCvFFeiydfKsuwhXmbxos0QbR-MwVS9RMfS1fLeyY25v6x8HrDyLEgK2g5Q5N4GUS5R6_4a-MOLsBuj-_K5seUdF6__WJ7Vt5wh5hJI3sN8waPMvRltk4TTizEmXMVR_WU8TK2fDb8lpmmoAXXmo2bwkPeHdUgBWsAoT4l', 'width': 800}]",ChIJS-O0nVVgLxMRqD41ulrD9s4,"{'compound_code': 'WF4J+W9 Rome, Metropolitan City of Rome, Italy', 'global_code': '8FHJWF4J+W9'}",4.7,ChIJS-O0nVVgLxMRqD41ulrD9s4,GOOGLE,"['lodging', 'point_of_interest', 'establishment']",400,"Via Margutta, 61, Roma",
8,OPERATIONAL,"{'location': {'lat': 41.9014818, 'lng': 12.4736364}, 'viewport': {'northeast': {'lat': 41.9028328802915, 'lng': 12.4749939302915}, 'southwest': {'lat': 41.9001349197085, 'lng': 12.4722959697085}}}",https://maps.gstatic.com/mapfiles/place_api/icons/v1/png_71/lodging-71.png,Imperium Suite Navona,{'open_now': True},"[{'height': 2988, 'html_attributions': ['<a href=""https://maps.google.com/maps/contrib/109364210342717530760"">Eloski B</a>'], 'photo_reference': 'ATtYBwJA3W2rt9QkUYB7sW_iaUN1WloF7q6_0hZVY25_MNItFsxr4Wbt1JOeM_8xj2RZ2D9rPo2EiAm73q1LEqhRS8mk521zgjyFdwjOyuG_YZXJLWz9zpbFWYVD0KVHaFdP1ZCI9LGC9ziUWQ89mSFO3a77ogib8enPSYz9BCti-9fduPva', 'width': 3655}]",ChIJtYlSYVBgLxMRNPhV6NX0sLY,"{'compound_code': 'WF2F+HF Rome, Metropolitan City of Rome, Italy', 'global_code': '8FHJWF2F+HF'}",3.9,ChIJtYlSYVBgLxMRNPhV6NX0sLY,GOOGLE,"['lodging', 'point_of_interest', 'establishment']",110,"Vicolo della Palomba, 19, Roma",
9,OPERATIONAL,"{'location': {'lat': 41.8983107, 'lng': 12.470056}, 'viewport': {'northeast': {'lat': 41.89972538029149, 'lng': 12.4714544802915}, 'southwest': {'lat': 41.8970274197085, 'lng': 12.4687565197085}}}",https://maps.gstatic.com/mapfiles/place_api/icons/v1/png_71/lodging-71.png,Navona Governo Vecchio,{'open_now': True},"[{'height': 1152, 'html_attributions': ['<a href=""https://maps.google.com/maps/contrib/111810303545496610716"">Navona Governo Vecchio</a>'], 'photo_reference': 'ATtYBwJWEzOFBFrZ1lUjjOXRgKUGoxT_zzgnMZm4RZGt7w04lagAHW7bs-3PELSJCC9jR7m_ELJgKuU_7oB10ntXPvu6znlFpasCS1AezOAgZ4oMpNPIk5eKtIe3aWJhd0f8J3T-rLoLbhidmqi4GixFPrDgusObT3gkYJpBhv-Sn9kiWIJb', 'width': 2048}]",ChIJN_Z8GEVgLxMRVUnzoejxyjI,"{'compound_code': 'VFXC+82 Rome, Metropolitan City of Rome, Italy', 'global_code': '8FHJVFXC+82'}",4.1,ChIJN_Z8GEVgLxMRVUnzoejxyjI,GOOGLE,"['lodging', 'point_of_interest', 'establishment']",51,"Via del Governo Vecchio, 118, Roma",
10,OPERATIONAL,"{'location': {'lat': 41.9105468, 'lng': 12.4681402}, 'viewport': {'northeast': {'lat': 41.9118695802915, 'lng': 12.4694087802915}, 'southwest': {'lat': 41.9091716197085, 'lng': 12.4667108197085}}}",https://maps.gstatic.com/mapfiles/place_api/icons/v1/png_71/lodging-71.png,Hotel Casa Valdese Roma,{'open_now': True},"[{'height': 3744, 'html_attributions': ['<a href=""https://maps.google.com/maps/contrib/112713738030810262533"">Hotel Casa Valdese</a>'], 'photo_reference': 'ATtYBwIkfaWxprLzlvSzQosFyBpTuBEw1L9bcm7-h4D6rdlHpVtSA2ziEK42wVUMXEHviYNVRWRH0uK_1rLXv8zvirOX-AgZP0PUn7m9BkVGJnyU5Sy9WscwODb3JBskrJyKACx3JLyKFo3v_kxP7Zfio2UeHJ3ewPndZVDO-oLZvHe0-Zvv', 'width': 5616}]",ChIJjTfDFfZgLxMRBYhEvbTVl14,"{'compound_code': 'WF69+67 Rome, Metropolitan City of Rome, Italy', 'global_code': '8FHJWF69+67'}",4.1,ChIJjTfDFfZgLxMRBYhEvbTVl14,GOOGLE,"['lodging', 'point_of_interest', 'establishment']",140,"Via Alessandro Farnese, 18, Roma",
11,OPERATIONAL,"{'location': {'lat': 41.90692699999999, 'lng': 12.452846}, 'viewport': {'northeast': {'lat': 41.90823153029149, 'lng': 12.4542159302915}, 'southwest': {'lat': 41.9055335697085, 'lng': 12.4515179697085}}}",https://maps.gstatic.com/mapfiles/place_api/icons/v1/png_71/lodging-71.png,Tmark Hotel Vaticano,{'open_now': True},"[{'height': 2136, 'html_attributions': ['<a href=""https://maps.google.com/maps/contrib/100678919759695689123"">Sean Carter</a>'], 'photo_reference': 'ATtYBwIbLOzl3fbUkNI-cbzBJKSExNi3SzvdMKMDM8k-xcGwkbQZg3NkCvgsK82wc3466sUr2LY81n336hKn3T1LYeF7l30wf0nNMyQ45Hn1D_uuqLBu3HCmxTwt-zTdsTrhl1FkBG8yLNCTST1ysBeE7LwoABXu_Sl9UIv6ViUvPkk4rV9g', 'width': 3216}]",ChIJc3EShWNgLxMRp4DKp-zCq6k,"{'compound_code': 'WF43+Q4 Rome, Metropolitan City of Rome, Italy', 'global_code': '8FHJWF43+Q4'}",4.4,ChIJc3EShWNgLxMRp4DKp-zCq6k,GOOGLE,"['lodging', 'point_of_interest', 'establishment']",141,"Viale Vaticano, 99, Roma",
12,OPERATIONAL,"{'location': {'lat': 41.8955174, 'lng': 12.4736922}, 'viewport': {'northeast': {'lat': 41.8968454302915, 'lng': 12.4750709802915}, 'southwest': {'lat': 41.8941474697085, 'lng': 12.4723730197085}}}",https://maps.gstatic.com/mapfiles/place_api/icons/v1/png_71/lodging-71.png,Hotel Teatro di Pompeo Srl,{'open_now': True},"[{'height': 1501, 'html_attributions': ['<a href=""https://maps.google.com/maps/contrib/101012850844532077452"">Hotel Teatro di Pompeo</a>'], 'photo_reference': 'ATtYBwIDK4cok_qUfLv7QxyRQ-fz1KAsV73OcZW25OWri2Q74QD-G194MYtFPd1FUGSIlAxqb26YLmMMac-fX-EM6cN8xJA1ykH0jJR79ebiUQQvDIojmlIgm6NVmhKe5cg2QlKExidimslgX_V1EwNrdWv2_aoBJm5h5XcFOaAlPojVdlLl', 'width': 1401}]",ChIJSew2QE9gLxMR4bd4Ki-Bms4,"{'compound_code': 'VFWF+6F Rome, Metropolitan City of Rome, Italy', 'global_code': '8FHJVFWF+6F'}",4.2,ChIJSew2QE9gLxMR4bd4Ki-Bms4,GOOGLE,"['lodging', 'point_of_interest', 'establishment']",69,"Largo del Pallaro, 8, Roma",
13,OPERATIONAL,"{'location': {'lat': 41.8991751, 'lng': 12.4773018}, 'viewport': {'northeast': {'lat': 41.9005175802915, 'lng': 12.4785969802915}, 'southwest': {'lat': 41.8978196197085, 'lng': 12.4758990197085}}}",https://maps.gstatic.com/mapfiles/place_api/icons/v1/png_71/lodging-71.png,Hotel Albergo del Senato,{'open_now': True},"[{'height': 1544, 'html_attributions': ['<a href=""https://maps.google.com/maps/contrib/107696589969242285565"">Hotel Albergo del Senato</a>'], 'photo_reference': 'ATtYBwJ8cn9MRwkwPydjmgWrLnKX6qU0WeyYbjUlWpFZl2DUzMb44UZhdlegvY9WUEFF-r9_u-7LUfbTMbfYPIIb5RkPeZR9iWtO-kUJIe8IIZ-B_sPpU3Epp45-Ki-Ulv0SZNGM-PQzgEr9S6elHMz88999KV_x8fJsasYL65U7VD5feDqq', 'width': 2313}]",ChIJje2s41FgLxMR9LZUym4fDLA,"{'compound_code': 'VFXG+MW Rome, Metropolitan City of Rome, Italy', 'global_code': '8FHJVFXG+MW'}",4.7,ChIJje2s41FgLxMR9LZUym4fDLA,GOOGLE,"['lodging', 'point_of_interest', 'establishment']",264,"Piazza della Rotonda, 73, Roma",
14,OPERATIONAL,"{'location': {'lat': 41.90414810000001, 'lng': 12.4822845}, 'viewport': {'northeast': {'lat': 41.9054591802915, 'lng': 12.4836546302915}, 'southwest': {'lat': 41.9027612197085, 'lng': 12.4809566697085}}}",https://maps.gstatic.com/mapfiles/place_api/icons/v1/png_71/lodging-71.png,Hotel Homs,{'open_now': True},"[{'height': 699, 'html_attributions': ['<a href=""https://maps.google.com/maps/contrib/113573885207198717983"">Hotel Homs</a>'], 'photo_reference': 'ATtYBwL330uSaJ4U5O12LJmzV7Cu8xumttbodpczmIB3TZe_NdiRaDij21kUm0_BLs5yfg5JpUKtVBmUJrE9a3SiFN0qOngwYzmgqb1QgT414017kTLRDNJjqxCBHnyHhRnLdU4SNnhDDdUCrpyzCT6jWXTPtixb0Mul2uaqz-mmyFnxT721', 'width': 720}]",ChIJbafqlVRgLxMRBaLBnmvYduo,"{'compound_code': 'WF3J+MW Rome, Metropolitan City of Rome, Italy', 'global_code': '8FHJWF3J+MW'}",4.1,ChIJbafqlVRgLxMRBaLBnmvYduo,GOOGLE,"['lodging', 'point_of_interest', 'establishment']",303,"Via della Vite, Roma",
15,OPERATIONAL,"{'location': {'lat': 41.9021884, 'lng': 12.4756576}, 'viewport': {'northeast': {'lat': 41.90358013029149, 'lng': 12.4771089302915}, 'southwest': {'lat': 41.9008821697085, 'lng': 12.4744109697085}}}",https://maps.gstatic.com/mapfiles/place_api/icons/v1/png_71/lodging-71.png,Hotel Adriano,,"[{'height': 3096, 'html_attributions': ['<a href=""https://maps.google.com/maps/contrib/103189336247138963322"">Hugo Wilhelmsson</a>'], 'photo_reference': 'ATtYBwKI2q3Eq_bAmjUbznVYT3INC42v6l_4HtH74LcXh_Dx5f9bOSjMuUPt_7AG1tDqZcNJly_TUM8Hhb-qBTOOSSKSPlXJJgJtm484Zs9ESZk04-FrwrziBQft1yykz5a__cpNlPk91Fqq7d9mmnfE4oXXzL0sFcjYN7QSLSXWpwZMv0mu', 'width': 5504}]",ChIJjRDeG1FgLxMRwnySPAlzWU8,"{'compound_code': 'WF2G+V7 Rome, Metropolitan City of Rome, Italy', 'global_code': '8FHJWF2G+V7'}",4.3,ChIJjRDeG1FgLxMRwnySPAlzWU8,GOOGLE,"['lodging', 'point_of_interest', 'establishment']",466,"Via di Pallacorda, 2, Roma",
16,CLOSED_TEMPORARILY,"{'location': {'lat': 41.90772, 'lng': 12.480593}, 'viewport': {'northeast': {'lat': 41.9090689802915, 'lng': 12.4819419802915}, 'southwest': {'lat': 41.9063710197085, 'lng': 12.4792440197085}}}",https://maps.gstatic.com/mapfiles/place_api/icons/v1/png_71/lodging-71.png,Hotel Art by The Spanish Steps,,"[{'height': 3456, 'html_attributions': ['<a href=""https://maps.google.com/maps/contrib/110548069627294851752"">Hotel Art by The Spanish Steps</a>'], 'photo_reference': 'ATtYBwJFXSAhIP1DgK8B1JXbmZLT5TcphcvoFr8EmigTxkScv_lp7XDqohrTg6RTzJO70IxoE3FLJuSYahGqs1UsFDSDAxgTQZHICNMnLbZwnuoECE1n90OcVrhDMTJ4A3VRStgF98wFnVanakusarmX0EE_F74eYJ8Pg3iUsSG0r_y44D1L', 'width': 5184}]",ChIJbcGnTlJgLxMRtDpweV5ie9M,"{'compound_code': 'WF5J+36 Rome, Metropolitan City of Rome, Italy', 'global_code': '8FHJWF5J+36'}",4.4,ChIJbcGnTlJgLxMRtDpweV5ie9M,GOOGLE,"['lodging', 'bar', 'point_of_interest', 'establishment']",192,"Via Margutta, 56, Roma",True
17,OPERATIONAL,"{'location': {'lat': 41.9064765, 'lng': 12.4601316}, 'viewport': {'northeast': {'lat': 41.9078254802915, 'lng': 12.4614805802915}, 'southwest': {'lat': 41.9051275197085, 'lng': 12.4587826197085}}}",https://maps.gstatic.com/mapfiles/place_api/icons/v1/png_71/lodging-71.png,Hotel Dei Consoli,,"[{'height': 1836, 'html_attributions': ['<a href=""https://maps.google.com/maps/contrib/113531540701584470340"">Rene Christensen</a>'], 'photo_reference': 'ATtYBwKUx1S6g8eXSLMoi_77z9J73-XbFmuePclV5Ha5CzPUOUnZ7nqD1j_qD9vEyCOVmsr3lsr97ciNVGlC1KUc1db_HtBhuJHHAaW9PAV-zqyaX6GLSerQNdksir8MEjL782YL8WtHXlHuR9iNGZnODn6k1cZxaAeDQFdJtFwvIK-xb3eo', 'width': 3264}]",ChIJvxs_sGBgLxMRKUBr3scmUHw,"{'compound_code': 'WF46+H3 Rome, Metropolitan City of Rome, Italy', 'global_code': '8FHJWF46+H3'}",3.9,ChIJvxs_sGBgLxMRKUBr3scmUHw,GOOGLE,"['lodging', 'point_of_interest', 'establishment']",196,"Via Varrone, 2/D, Roma",
18,OPERATIONAL,"{'location': {'lat': 41.9059061, 'lng': 12.4808017}, 'viewport': {'northeast': {'lat': 41.9072246802915, 'lng': 12.4821621302915}, 'southwest': {'lat': 41.9045267197085, 'lng': 12.47946416970849}}}",https://maps.gstatic.com/mapfiles/place_api/icons/v1/png_71/lodging-71.png,Royal Palace Luxury Hotel,{'open_now': True},"[{'height': 3456, 'html_attributions': ['<a href=""https://maps.google.com/maps/contrib/107604274791226310011"">Vedio Fernandes Baptista</a>'], 'photo_reference': 'ATtYBwIarx6KskG0ZyhDSbTNPK24PZBAM-HNjgr6dtpmgsC8mBj6JlVtvPmTQOV7SME23v4RzDNf5oRcKXjoBmdN9JhavaWN1od3ZEXvRttgGrMYq3lm8MN75GbjS-Le5FzYMqWAyrppzUGhtOIpreaNYDpt5_my6RliPKcitTIAi0Ycafcw', 'width': 4608}]",ChIJUZSMqlVgLxMRPC37w7X0NmE,"{'compound_code': 'WF4J+98 Rome, Metropolitan City of Rome, Italy', 'global_code': '8FHJWF4J+98'}",2.6,ChIJUZSMqlVgLxMRPC37w7X0NmE,GOOGLE,"['lodging', 'point_of_interest', 'establishment']",232,"Via delle Carrozze, 36, Roma",
19,OPERATIONAL,"{'location': {'lat': 41.9064854, 'lng': 12.4633996}, 'viewport': {'northeast': {'lat': 41.9078742802915, 'lng': 12.4647429802915}, 'southwest': {'lat': 41.9051763197085, 'lng': 12.4620450197085}}}",https://maps.gstatic.com/mapfiles/place_api/icons/v1/png_71/lodging-71.png,Hotel Colors,{'open_now': True},"[{'height': 532, 'html_attributions': ['<a href=""https://maps.google.com/maps/contrib/107258161931425241504"">Hotel Colors</a>'], 'photo_reference': 'ATtYBwIv-lJK13mNsghS8xlGImfSimlgn3ojg0prl_1goBaDBO7YcAzQpL13fFVQfD9_g3JN2Iv2958F3gt1pczf951upp4xIwCyiKUz9Var22JJM_z5KxJkculFJybw_y4aCuoF8NtXoMZ17LpXyyDYbNe8TYwFjdGUCpdAWsoprba7wNEt', 'width': 800}]",ChIJd3KJXV5gLxMRkitwdLc13Mo,"{'compound_code': 'WF47+H9 Rome, Metropolitan City of Rome, Italy', 'global_code': '8FHJWF47+H9'}",4.0,ChIJd3KJXV5gLxMRkitwdLc13Mo,GOOGLE,"['lodging', 'point_of_interest', 'establishment']",357,"Via Boezio, 31, Roma",
